9113 2

81.06408 28.13318
81.14644 27.08725
81.17938 22.71409
82.34886 22.86233
80.94055 21.57756
81.44293 19.17273
81.73118 13.84423
82.32415 6.90976
80.26522 1.98481
80.61936 4.23315
79.07928 14.78310
80.46288 16.38083
79.34282 21.77521
80.61936 29.15441
77.84392 34.79587
78.56043 33.22285
78.01687 28.07553
78.17335 14.83251
78.68396 13.87717
78.43689 4.75200
77.48155 2.10011
77.90157 2.10011
77.26742 0.09059
77.13565 0.57650
77.26742 7.50273
74.08020 20.62222
74.96966 13.13596
75.26615 13.05360
75.71911 2.28129
72.55660 2.00951
72.58130 3.88725
72.51542 11.94178
71.03299 33.17344
71.31301 29.47560
70.87651 23.54589
71.56831 16.84203
72.15305 6.54739
70.86004 0.44473
69.36114 13.65481
69.31996 25.17656
69.90470 29.87915
69.76469 32.25104
70.60473 33.02519
69.17172 38.48547
68.29874 33.59346
68.70229 31.69924
68.25756 32.13574
66.16569 9.23223
66.22334 15.76315
67.48340 26.04131
66.72572 30.63684
67.18691 32.90989
67.43399 33.57699
65.68802 40.63499
65.09504 36.43478
65.63037 37.09363
64.70797 36.17123
65.63860 30.49683
65.65507 24.77301
65.36682 20.06219
65.59742 16.93262
65.49036 8.44160
63.48085 19.02449
63.11024 27.80375
63.56320 26.74958
63.48085 28.05906
63.73615 37.34071
61.50428 41.09619
61.14190 38.55135
61.89135 34.23584
61.71840 34.12878
62.35255 32.04514
61.24897 23.08469
61.44663 21.75051
61.53722 18.57152
62.03136 17.19616
61.89135 15.77962
59.84890 8.02982
59.61006 9.66872
60.79600 8.34277
60.38422 11.60411
60.04656 11.57117
60.45834 17.50088
59.37123 20.05395
60.32657 22.28583
60.37598 27.09548
59.54418 30.14270
59.32181 30.87567
59.73360 32.69577
60.87013 32.59694
60.56540 31.41923
59.74183 34.14525
59.89008 35.37237
59.41241 36.25359
60.28539 34.88646
60.52423 36.36066
57.69114 39.91848
58.39118 39.78671
57.71585 38.75725
57.78997 36.89598
57.99586 36.44301
58.91003 36.35242
58.36647 34.77116
58.41588 33.63464
58.86061 34.27702
59.13239 31.68277
58.89356 32.32516
58.59707 32.38281
57.90527 30.13446
58.86885 30.43918
58.81943 28.54497
58.25941 27.96847
59.23946 25.54717
57.78174 22.09641
58.91003 16.35612
58.95121 13.04536
58.52295 11.06879
58.16058 8.95222
56.61226 10.35229
57.54290 10.47582
56.94993 10.12992
56.62050 13.01242
56.55461 15.91963
57.29583 16.49613
56.77698 24.06474
56.69462 24.66595
57.28759 27.93553
57.55937 32.16868
57.46054 31.76513
56.90875 32.97578
56.04400 39.06197
57.04052 38.69136
56.89228 38.46900
55.56633 39.93495
54.70158 38.21369
55.66516 39.03726
55.88752 36.90421
54.90747 33.79935
54.48745 33.56875
55.22043 33.42874
55.87929 32.08632
55.61574 17.17145
55.95341 17.42676
55.87929 15.31018
54.71805 2.84132
54.66040 2.63543
55.37691 2.44601
53.50740 7.74157
53.38387 9.42165
53.61447 11.15115
52.85678 27.44138
53.16150 36.08064
53.82859 35.44649
53.07091 36.62420
52.78266 38.32899
54.28156 39.07020
53.86977 38.03250
52.98855 39.61376
54.28979 39.68788
51.63790 40.82441
51.20964 40.77500
52.33793 39.13609
52.16498 35.35590
51.91791 19.84806
51.18493 13.73716
50.74844 6.16031
49.43073 14.67603
50.60843 18.46446
49.65309 22.38466
50.89668 25.05303
51.00375 26.74958
50.20488 28.43790
50.71550 29.69797
49.61191 34.16172
50.52608 34.53233
50.02370 36.62420
48.73069 38.66665
48.05536 29.17912
48.03889 28.51202
49.12600 24.22122
47.94830 22.98586
48.65657 22.24465
48.19537 11.08526
47.87418 10.09698
48.50833 8.37572
49.19189 4.01079
47.45416 3.96961
47.42945 7.94746
47.19061 13.30891
47.47063 20.74575
46.78706 24.99538
46.64706 28.85792
47.24826 30.02740
46.65529 35.65238
45.14816 34.95235
45.80701 26.03308
43.82221 13.18537
43.52572 20.08689
43.45160 24.46006
43.20453 25.90131
41.22796 18.73624
42.75980 9.94874
40.18202 4.57082
40.12437 26.27191
39.64670 37.86779
40.43733 40.73382
38.16428 37.29129
37.90897 26.96371
39.26786 24.39417
37.74425 15.40901
37.76073 29.92033
36.90421 32.40752
36.66538 39.47375
34.68881 34.54880
35.01000 25.15186
34.72175 8.28512
36.24536 4.99908
35.96534 4.06020
35.73474 4.28257
35.62768 3.03074
35.94887 1.95186
33.41227 6.81917
33.79935 9.11693
33.29697 10.21228
34.10407 15.52431
33.39580 32.11103
33.80759 39.65494
32.08632 35.06765
32.12750 33.68405
32.11103 15.74668
31.63336 15.40078
32.44869 11.18409
32.58870 10.06404
31.41923 8.37572
31.74042 7.79922
31.97926 4.09315
32.30045 3.68136
30.95803 7.43685
29.91210 12.63358
29.78856 26.01661
30.80979 30.30741
29.32736 13.59716
28.75910 2.05069
27.62257 5.27085
26.44486 6.35797
26.77429 26.83194
25.74483 28.85792
26.05778 7.45332
25.44011 6.72034
25.98366 6.01207
24.41888 2.56954
23.94121 10.39346
24.55065 33.32168
22.03876 18.47270
23.01881 15.59843
22.86233 14.47838
22.73879 12.57593
22.79644 3.00603
19.80688 7.37096
20.80340 12.98771
21.21519 18.14327
18.74447 37.56307
18.99155 33.21461
18.32445 31.52629
19.46098 32.20162
18.20915 14.70074
18.27504 12.42769
19.06567 9.24047
19.61746 8.26042
18.70330 7.29684
18.20915 6.22620
17.45970 2.28129
17.39382 6.44032
16.79261 11.85942
17.19616 23.14234
17.64089 28.89910
17.17969 29.54972
15.17018 34.10407
15.43372 12.88888
15.55725 11.70294
15.12900 9.22399
15.19488 8.71338
14.93958 8.03805
15.93610 7.50273
15.47490 2.14128
13.72069 20.70457
14.19836 27.91905
13.72893 29.13794
11.81824 38.91373
11.89236 28.37202
11.69471 21.66815
12.86418 13.91011
11.04409 11.82648
11.41469 18.19268
11.46411 25.29186
11.53823 27.16137
11.51352 29.65679
9.19105 39.87730
9.56166 32.81930
9.53695 21.10812
9.57813 17.65736
8.43337 15.59843
9.77579 14.56073
8.71338 7.01682
8.96045 3.96961
7.34625 0.18119
8.05452 2.03422
7.04153 2.85779
8.16159 10.45111
7.90628 19.37039
7.81569 31.19687
8.18629 31.50159
7.70862 38.79843
5.14732 29.70620
5.25438 28.65203
5.39439 24.43535
5.73205 14.30543
5.63323 12.31239
5.41086 9.16634
6.06148 8.67220
3.81313 0.42002
4.05197 9.34753
3.87078 9.86638
4.34845 11.36528
3.36841 20.14454
4.43081 29.32736
4.74377 34.75469
3.73901 40.63499
2.89897 35.52061
2.52836 33.34639
2.53660 12.43592
2.49542 11.38999
1.93539 11.14291
2.79191 10.59112
3.15428 9.78402
2.00951 4.88378
1.90245 3.73078
1.44948 15.32665
79.08751 16.53730
79.35929 17.38558
79.66401 17.95385
79.83696 16.90791
79.91932 17.89620
80.43817 17.72325
80.44641 16.91615
79.49930 18.89272
80.00168 18.81860
80.46288 18.40681
79.39224 19.84806
80.14992 20.02924
80.63583 21.80816
79.68049 24.60830
79.21105 28.92381
79.60636 29.09676
79.63931 28.45437
79.98521 28.40496
80.10874 33.95583
80.46288 34.06289
79.16164 37.85955
79.24399 38.19722
80.33111 38.18898
74.09667 10.81349
69.91293 0.52709
70.27531 3.09663
69.42703 5.74852
69.32820 5.47675
69.67410 5.96265
69.58351 5.59205
70.75298 6.44856
70.72003 6.11090
69.31173 7.60156
69.49291 8.16982
70.73651 7.51920
70.10236 9.13340
70.52238 9.03457
69.44350 10.33581
69.30349 10.67348
69.32820 10.99467
69.97058 11.00291
69.65763 10.66524
69.68233 10.19581
70.33296 9.91579
70.34119 10.36052
70.73651 10.84643
69.42703 12.04061
69.18819 12.18885
69.32820 12.41945
69.24584 12.73241
69.64116 13.00418
70.31648 12.56769
70.36590 12.69946
70.18471 12.62534
70.53061 14.56897
70.70356 14.70074
69.24584 15.73020
70.07765 15.38430
70.49767 14.84075
69.50115 16.84203
70.34119 16.66084
79.35106 17.29499
79.26870 22.80468
80.49582 31.64159
69.23761 18.61270
69.18819 18.81860
69.74822 19.11508
70.81886 18.31622
69.33644 19.93865
69.50115 20.66339
69.38585 20.63869
69.30349 20.84458
69.59998 21.28107
69.55056 21.54462
69.19643 22.45054
69.76469 21.58579
69.63292 23.38941
69.21290 27.02136
69.38585 27.15313
70.31648 23.24941
69.22937 27.26020
69.59174 27.77081
69.20466 32.89342
70.53885 32.70400
70.72827 31.53453
69.55056 33.27226
70.38237 35.77592
69.70704 41.07972
70.06941 41.10442
70.10236 40.96442
78.34630 1.53184
78.98045 1.45772
78.98869 0.32119
78.88162 0.37884
77.44861 2.10011
77.79451 2.89897
78.67573 3.00603
77.48155 4.07668
77.48979 4.32375
77.81922 4.56258
77.85216 4.63670
78.61808 4.15903
77.72862 5.42733
77.93452 8.12864
77.86863 6.90152
78.50278 7.34625
78.46160 7.56862
78.01687 9.04281
78.15688 8.58984
78.73338 8.70514
78.69220 10.96996
77.85216 13.92658
77.72039 16.21611
78.42866 16.39730
77.70392 16.66084
77.79451 17.03968
77.85216 17.32793
78.20629 17.30322
78.16512 16.74320
78.27218 16.87497
79.01339 18.02797
78.25571 18.98331
78.86515 19.53510
78.76632 18.53858
77.53920 20.52339
77.86863 19.96336
78.89809 20.59751
78.95574 20.78693
79.04634 23.44706
78.79103 25.95072
78.84044 26.51075
77.54744 29.45913
78.60984 29.08029
78.17335 28.84145
78.10747 32.26751
78.30512 35.94063
78.04982 36.25359
75.80970 1.29301
75.96618 1.57302
76.47679 0.08236
77.33331 1.03770
76.50150 3.27781
76.46856 2.39659
76.58386 1.84480
76.67445 1.99304
76.96270 2.45424
76.83093 2.14952
76.83917 2.18246
77.00388 2.70955
76.87211 2.74249
77.11918 2.89073
77.21801 2.20717
76.01560 4.08491
76.26267 4.48846
77.30037 4.14256
75.88382 6.37444
76.39444 5.04849
76.83917 5.02378
76.88034 4.98260
76.78975 6.34973
76.92152 7.97217
75.85088 8.41689
76.47679 10.40170
76.88858 11.31586
76.28737 13.16066
75.92500 15.03840
76.13913 14.62662
76.48503 13.39950
76.68269 13.23478
76.74034 14.03365
75.86735 14.98075
75.79323 15.26900
75.78500 15.60667
76.20502 15.73020
76.59209 15.40078
76.58386 17.55853
76.97917 19.43627
76.47679 20.29279
77.11094 20.26808
76.69916 21.57756
76.83917 21.47873
77.34154 31.06509
77.25919 31.27922
77.25095 31.13098
75.99912 32.67106
77.30037 31.45217
76.36973 35.83357
75.99912 39.13609
76.97917 39.31728
77.25095 39.16080
77.11094 38.55959
76.14737 39.82789
74.41787 0.11530
74.79671 0.95534
74.54964 0.04941
75.24144 0.44473
75.33203 0.90593
75.00260 1.48243
75.49675 1.09535
75.58734 0.96358
75.59557 0.73298
74.26962 1.89421
74.28610 2.26482
74.50022 2.70131
74.38492 3.24487
74.22845 3.00603
74.73082 2.81661
75.24967 1.77068
74.96966 2.54483
75.25791 3.16251
75.71087 2.95662
74.35198 3.53312
74.26139 4.00255
74.66494 4.26610
75.29085 3.66489
75.33203 3.76372
75.10143 4.09315
75.66970 4.91672
75.66970 4.21668
75.42262 4.11785
75.37321 4.43905
75.42262 3.52488
75.48027 3.59900
74.91201 5.46851
75.68617 6.53915
75.61205 5.24615
74.82965 7.80745
75.59557 8.07923
75.47204 7.49450
75.43910 7.00859
74.21197 8.41689
74.15432 9.39694
75.09320 8.26865
75.07672 8.37572
74.51670 10.64054
74.45081 11.73589
74.15432 12.72417
74.60729 11.99943
74.82142 12.06531
74.96142 12.41121
74.50022 13.19361
75.54616 14.62662
74.96142 15.38430
74.40140 19.55981
74.61552 19.22215
75.10143 24.55065
75.01907 30.40624
75.21673 30.18387
75.34850 30.27447
75.25791 30.49683
75.28262 34.19466
75.49675 39.65494
74.35198 8.34277
74.31080 12.93830
72.90250 0.92240
73.28958 0.76592
73.27310 0.53532
73.41311 0.46120
74.03902 0.86475
73.90725 0.74121
73.71783 0.38708
73.87431 0.06589
73.83313 1.65538
72.49071 3.31076
72.80367 4.71906
73.37193 4.02726
73.51194 4.38963
72.82838 6.25090
72.91073 6.29208
73.16604 5.77323
73.11663 6.10266
73.52841 5.31203
73.33899 8.21924
73.80019 9.13340
72.74602 11.17586
73.12486 11.15115
72.91897 10.42641
73.56135 9.99815
73.32252 10.67348
73.42958 11.24998
73.77548 10.33581
72.67190 13.04536
72.55660 13.02066
73.86608 12.98771
73.77548 12.37827
73.47900 14.01718
72.87779 14.85722
73.54488 14.91487
73.73430 16.14199
73.64371 16.78438
73.70960 18.01973
72.94368 19.70805
72.48248 23.87532
72.69660 23.99886
73.31428 24.30358
72.49071 25.91778
73.41311 27.52374
73.24840 29.54972
73.56135 33.84876
72.63895 2.45424
73.18251 8.19453
73.73430 7.79922
73.07545 9.48754
73.20722 10.27816
73.68489 10.59112
72.15305 0.34590
72.24364 2.91544
70.87651 6.42385
70.91769 8.39219
71.19771 9.20752
71.24712 9.70167
71.32948 9.51224
71.51066 9.39694
71.28006 9.07575
71.70832 8.96045
71.90598 9.45459
72.25188 9.64402
72.07893 9.85814
72.26011 9.53695
71.12358 11.22527
71.65067 9.97344
72.07069 10.13816
72.07069 10.31934
71.00005 12.93006
71.92245 12.45239
71.72479 12.61711
72.21070 13.98423
71.23888 17.12204
71.65067 17.69030
72.12834 18.09385
72.02128 19.04096
71.23065 19.79041
71.38713 21.39637
71.65067 20.70457
71.82362 20.82811
71.65067 21.30578
72.26011 23.83414
70.90122 25.43187
71.51890 25.32481
70.98358 27.92729
71.44478 26.77429
71.70008 28.48732
71.98010 30.29094
72.42483 30.47212
72.21070 31.32040
71.24712 37.18423
71.46125 40.23144
72.44953 39.99260
48.23655 21.00929
48.92011 21.14107
49.17542 21.16577
54.99807 41.13737
55.01454 41.07972
54.80041 40.21497
55.77222 40.12437
55.62398 39.63023
54.95689 29.25324
55.80516 29.28618
54.98983 32.40752
79.80402 0.19766
80.04286 1.49890
80.46288 0.47767
80.74289 0.70827
80.60289 0.21413
79.75461 2.80838
79.12046 3.67313
79.09575 4.80142
80.13345 3.31899
79.86167 5.13908
80.68524 5.90500
80.58641 5.04025
79.19458 7.10742
79.70519 6.83564
79.21105 9.01810
79.54871 8.57337
80.06756 8.36748
80.50406 9.84991
79.23576 10.74760
79.27694 11.48058
79.70519 10.68171
80.42170 12.25474
79.48283 16.03493
80.24875 15.24430
69.64116 22.09641
67.73047 1.29301
67.96931 1.03770
68.52934 2.49542
67.77989 4.02726
67.73047 4.18374
67.91166 4.76024
67.56576 4.88378
67.55752 4.57082
68.20814 4.06844
67.59870 5.30380
67.82930 5.01555
67.96931 6.47327
68.89171 6.22620
68.92465 6.10266
69.07289 5.98736
68.38933 7.77451
68.15873 7.27213
67.98578 7.13212
68.47992 7.60980
68.61169 7.93922
68.78464 8.17806
69.03171 7.46155
67.85401 9.56989
67.95284 9.58637
68.38933 9.55342
68.91641 9.74284
67.61517 10.08874
67.84577 10.08874
67.68106 10.60759
67.95284 10.72289
68.31521 10.59112
68.32344 9.94874
69.07289 11.29116
67.86224 12.32886
68.73523 11.58764
68.62816 11.99119
69.17172 12.70770
69.11407 12.37004
68.95759 12.39474
67.61517 13.49833
68.10108 13.51480
68.32344 13.32538
68.29050 13.19361
68.41404 13.31714
68.99054 14.56073
68.78464 14.01718
69.03171 14.36308
67.90342 15.35960
68.74346 16.86673
68.18344 19.38686
68.28226 21.04224
68.17520 21.31402
68.79288 20.57280
68.38933 20.30102
69.05642 21.15754
67.56576 22.12111
67.84577 22.13759
68.10931 22.72232
68.53757 21.61874
68.49639 22.48349
68.56228 22.59879
68.68581 22.28583
69.11407 22.29406
69.03995 21.76698
67.87871 23.10940
67.70576 24.80596
69.02348 26.32133
68.66934 21.84934
67.68106 26.93900
68.43051 27.79552
69.00701 26.84841
67.61517 29.58267
68.04343 29.18735
68.20814 28.14142
68.61993 28.80027
67.54105 31.69101
67.84577 31.31217
67.77989 31.45217
67.87048 32.04514
67.82930 32.48164
67.99401 32.40752
67.95284 32.48987
67.64811 33.03343
67.75518 33.78288
68.78464 35.04294
66.40452 3.20369
66.21510 4.44728
66.59394 4.25786
66.33864 3.31076
66.47041 3.36841
66.94808 3.61548
67.23633 4.77671
67.29398 4.45552
66.00097 5.13908
66.91514 4.90025
67.18691 6.07795
67.51634 5.09790
65.96803 7.29684
65.94332 8.07923
66.80807 7.03330
67.45869 6.79446
67.16221 8.92751
67.16221 9.29812
67.42575 10.14639
66.17392 13.91011
65.89391 16.31494
66.66807 15.23606
67.45046 15.70550
66.19039 16.63613
66.21510 17.57500
66.52806 28.14965
66.73395 28.31437
66.96455 29.16265
66.21510 29.78856
66.51159 29.96151
67.02220 29.81327
67.17044 30.70272
66.13274 31.62512
67.26927 32.43222
67.40104 31.46864
66.06686 32.95107
65.95979 33.33815
66.46217 33.10755
66.34687 33.04166
67.42575 33.81582
65.95156 18.29975
66.61042 19.02449
66.77513 18.86801
67.06338 19.02449
67.30221 19.17273
67.22809 18.77742
66.04215 20.65516
67.11279 21.23166
66.93161 21.15754
66.91514 21.60227
67.13750 24.64948
65.92685 25.17656
67.38457 25.31657
66.65159 16.47965
66.99749 18.61270
66.12451 37.83485
66.21510 39.84436
64.36207 1.30124
65.76214 1.26830
65.62213 0.88946
65.49859 0.38708
65.72919 0.09059
64.60914 2.01775
64.61737 2.46248
64.27971 2.48718
64.52678 4.32375
64.26324 4.46375
64.78209 4.89201
65.14446 4.81789
65.64684 4.20845
65.65507 4.30728
64.25500 4.98260
64.60090 6.50621
65.02092 5.87206
64.81503 5.50145
64.75738 5.27085
64.94680 5.13085
65.30094 5.40263
65.17740 5.66617
65.09504 5.67440
65.21858 5.89677
65.42447 6.39915
65.74567 5.22968
65.83626 5.32850
64.60090 7.66745
64.51031 7.74157
64.28795 7.60156
64.54325 7.96393
64.27971 7.99687
64.79032 6.97565
64.84797 6.80270
65.26799 6.77799
65.74567 7.13212
64.64208 8.48278
65.47389 9.51224
65.02092 12.32886
64.67502 14.41249
64.76562 13.84423
65.11975 13.80305
64.25500 15.20312
64.41148 15.13723
64.38677 15.83727
64.24677 16.38083
64.88092 16.07610
64.80680 15.35960
65.45742 15.66432
65.22682 16.07610
65.10328 16.29023
65.51507 16.16670
65.85273 15.90315
64.28795 16.91615
65.26799 16.79261
65.14446 16.83379
65.78684 18.01150
64.50207 19.36215
65.64684 18.68682
64.93857 21.28931
65.58095 20.55633
65.72096 20.41632
64.58443 20.16102
64.74091 21.42932
65.35859 24.36123
65.73743 25.57188
65.32564 26.53545
65.81979 29.44266
65.84449 29.52502
65.84449 29.62385
65.65507 28.43790
65.63860 28.56144
65.79508 28.33908
65.70449 28.36378
65.41624 30.76861
65.11975 31.32864
65.21034 32.17692
65.33388 32.90989
65.51507 31.39452
65.27623 33.64287
65.23505 33.62640
65.12799 33.95583
65.32564 33.77464
65.53154 33.57699
65.60566 33.50204
65.11975 38.49370
64.51855 40.38792
63.28319 1.40831
63.70321 1.33418
64.17265 0.79886
64.21382 0.27178
63.36555 2.84132
63.17612 1.66361
63.19260 1.67185
63.62909 1.89421
63.43967 1.86127
63.78557 2.18246
63.57144 2.50366
63.60438 3.07192
63.99146 2.14952
63.43967 3.55783
63.82675 4.57082
62.67375 5.14732
63.14318 6.04501
64.19735 5.86382
62.90435 6.90152
63.35731 6.82740
63.70321 6.66269
63.76910 9.41342
62.88787 14.47014
63.68674 14.18189
63.64556 14.09130
63.92557 14.66780
62.63257 15.05488
63.10200 16.05140
63.10200 15.21959
63.80204 16.35612
63.81851 16.43024
64.11500 15.90315
63.96675 15.27724
64.06558 15.24430
64.21382 15.35136
63.91734 15.09605
64.07382 14.85722
63.62909 16.62790
63.70321 16.99850
63.57144 17.06439
63.90910 17.86325
64.13970 17.93737
62.60786 18.46446
63.06906 18.90919
63.42320 18.12680
64.14794 19.55157
62.69022 26.25544
62.80552 28.28143
62.88787 28.66027
62.78905 28.70145
62.95376 28.94852
62.65727 32.82754
63.37378 31.50982
63.44790 32.67106
63.78557 33.75817
63.76910 34.21114
63.91734 34.15349
64.05735 33.88994
63.34084 35.05118
63.95028 34.72175
62.76434 37.69484
63.28319 36.57478
63.57967 38.25487
62.87964 40.08320
63.24201 39.95966
63.40672 27.38373
61.21603 0.23060
61.43839 0.91416
61.88312 1.16123
61.33133 2.00951
61.32309 2.92368
61.57840 3.04721
61.56193 2.28129
62.50080 2.38012
62.19608 1.77068
61.75135 1.16123
61.59487 4.57905
61.90783 4.81789
61.47133 6.06972
62.29490 5.89677
62.32785 6.02854
61.29838 7.20625
61.58663 11.34057
62.25373 10.41817
61.41368 11.95001
62.12195 12.23826
61.38074 14.39602
62.07254 14.65956
62.47609 14.46191
61.01013 15.54902
60.99366 16.04316
61.08425 18.52211
62.13843 18.84330
62.39373 18.64565
62.07254 19.80688
62.20431 21.19872
61.28191 22.49996
61.23250 22.94469
61.66899 22.34348
61.94077 22.15406
61.12543 24.15533
62.23725 23.07646
61.77605 24.73183
61.83370 26.05778
61.50428 26.40368
62.40197 26.56840
62.39373 26.75782
61.87488 28.22378
61.89135 29.31089
62.33608 32.74518
61.66899 33.09108
61.37250 35.66062
61.45486 35.23236
61.93253 35.08412
61.86665 35.13354
61.13367 36.38536
61.75135 37.06069
61.54545 37.05246
61.71840 36.68185
61.47133 36.70656
61.61958 36.29477
61.58663 36.36066
61.33956 37.96662
60.99366 38.41958
61.19955 38.60900
61.08425 39.49023
61.61134 39.17727
62.41844 39.65494
60.45834 1.16123
60.88660 1.17771
60.68070 0.80710
60.92778 3.09663
60.83718 4.61200
59.38770 5.22144
60.35951 5.91324
60.48305 6.52268
60.77953 5.98736
60.17833 6.74505
60.56540 6.67092
59.80772 12.33709
59.54418 14.51956
59.73360 14.32190
60.02185 13.79481
60.03832 13.21831
60.09597 16.15846
60.50775 15.06311
60.51599 15.82903
60.73835 16.01022
60.62305 15.59020
60.89483 15.58196
60.17833 18.01150
60.82895 19.24685
60.81248 20.73752
60.49128 24.18004
60.82071 23.66119
59.91478 24.78125
60.62305 26.31309
60.78777 25.50599
60.86189 24.76478
59.44535 28.75910
59.62653 29.45090
60.78777 29.51678
59.68418 31.13098
59.95596 30.52154
60.30186 30.84273
59.51123 31.94632
59.78301 32.39928
59.72536 32.20162
60.03008 32.01220
60.26068 32.28398
59.32181 33.31344
59.69242 33.26403
59.60183 33.69229
60.61482 34.54056
59.45358 35.38061
59.54418 35.92416
60.07950 36.20418
59.95596 35.68533
60.07950 35.58650
59.87361 35.57826
60.54070 34.90294
60.18656 35.49591
60.27716 35.83357
60.54893 36.03946
60.37598 36.13006
60.56540 35.50414
60.66423 35.29825
60.75483 35.11706
59.79125 36.40183
60.49952 36.83009
60.28539 37.09363
60.54893 37.76896
60.89483 37.85132
60.88660 37.62895
60.62305 36.41007
59.31358 38.17251
59.37123 38.95490
59.75007 38.98785
59.72536 38.85608
60.16186 38.23016
60.36775 38.89725
59.46182 40.87382
59.79125 41.00560
59.80772 39.98437
60.54070 40.87382
60.67247 39.92672
59.94773 1.63067
59.55241 14.39602
60.59835 20.71281
58.09469 0.65886
58.00410 3.20369
58.13587 3.12957
57.98763 3.72254
58.32529 3.43429
58.23470 3.60724
57.84762 5.91324
58.30882 5.50145
57.93821 7.00859
58.87708 8.21100
58.67943 11.42293
58.49824 11.76059
57.96292 14.63486
58.73708 15.96904
58.25117 17.83855
58.20999 17.69854
58.46530 16.82555
58.86061 17.36911
58.24293 18.64565
58.67943 20.08689
57.76526 22.54114
57.66644 23.25764
57.78997 25.92601
58.03704 27.50727
57.95469 30.71920
58.49001 30.12622
58.53118 30.71096
58.09469 31.78160
58.77002 31.41099
58.63001 32.36634
58.77002 32.48987
57.97116 33.26403
58.06998 33.65111
58.58883 33.32168
59.27240 34.17819
58.95121 33.39580
57.88056 35.21589
57.86409 35.61944
58.30058 36.09711
58.11940 35.47120
58.79473 34.67234
57.74056 37.35718
57.94645 37.41483
58.72061 37.20893
58.99238 36.82186
59.18181 36.35242
58.77826 37.99956
58.95944 39.40787
59.17357 39.42434
59.21475 39.19374
57.83115 39.75377
57.90527 40.66793
58.49824 39.91848
58.66296 39.68788
58.71237 40.88206
59.16533 40.85735
58.95944 40.76676
59.09121 39.76200
59.06651 39.63847
57.99586 12.55946
56.10165 1.93539
56.24989 3.58253
56.18401 3.42605
56.27460 4.54611
56.08518 4.62023
56.47226 3.87902
56.70286 3.86255
56.52991 3.33546
56.62874 5.91324
57.44407 5.64146
57.56761 5.17203
56.85934 6.76152
56.71109 9.47930
57.01581 8.27689
56.31578 11.27469
57.04052 11.86766
56.38166 14.51132
57.45231 17.27852
56.56285 18.31622
57.41113 19.42804
56.31578 21.87404
56.18401 23.09293
56.66168 23.38118
57.13935 26.26368
56.24166 26.78253
56.62050 27.47433
56.73580 26.94724
56.75227 28.56144
57.00758 28.54497
57.61702 29.00617
57.33701 28.44614
56.57932 31.18039
56.99934 29.96975
57.21347 29.74738
56.48049 31.55100
56.62050 33.40404
56.96640 33.81582
57.29583 33.43698
57.60879 33.45345
56.37343 35.81710
56.50520 35.60297
56.96640 35.47943
56.99934 36.48419
57.32054 36.27830
56.26636 38.25487
56.30754 38.83960
56.69462 38.88078
57.05699 38.22193
56.15930 40.31380
56.37343 40.34674
56.74404 39.98437
56.51344 39.77024
56.97464 40.71735
57.25465 39.96790
57.27936 40.15732
57.56761 30.64507
56.80992 2.48718
56.08518 3.44253
54.41333 1.71303
54.94865 2.10011
54.94865 3.90373
55.70634 6.56386
54.45451 7.18154
54.95689 8.25218
55.28632 7.91452
54.79217 8.97692
55.14631 9.47930
54.78394 9.19105
55.53339 9.01810
55.42632 9.54519
55.62398 9.84991
55.58280 10.47582
55.36044 10.67348
55.96988 11.33234
55.73928 10.47582
54.55334 11.82648
54.41333 11.93354
54.70158 12.09826
54.46274 12.44416
54.39686 12.57593
55.03924 13.07831
55.46750 13.11125
55.93694 14.70074
54.42157 17.87972
55.65692 18.04444
54.39686 18.83507
55.09689 19.53510
55.11337 18.90095
55.07219 18.74447
55.48397 18.53858
55.42632 18.86801
55.26161 18.79389
54.57804 19.88100
54.52863 20.51515
54.73452 20.91047
55.70634 21.49520
54.84159 24.38593
54.91571 23.51295
55.94517 23.12587
54.53687 26.24720
55.05572 25.24245
55.48397 25.84366
55.88752 25.99190
55.79693 25.39069
55.80516 25.34128
54.41333 27.20255
54.44627 27.44138
55.31102 27.68845
55.63222 26.64252
55.61574 26.38721
54.47922 29.12147
54.88277 28.62732
55.91223 28.70968
55.93694 28.43790
55.64869 28.17436
54.60275 32.60517
55.07219 32.31692
55.31926 32.11927
55.50868 32.74518
55.73928 32.70400
55.80516 32.90166
55.78869 31.89690
55.15454 33.60169
55.96164 34.41703
55.62398 34.14525
54.47922 35.76768
55.32749 36.04770
54.86629 37.54660
55.32749 36.60773
55.39338 37.65366
55.82164 36.69008
54.48745 38.87255
54.84982 39.16080
55.10513 38.54312
55.49221 38.32899
55.35220 39.45728
55.88752 38.89725
53.08738 0.87299
53.31798 0.98829
53.63094 1.48243
52.72501 2.07540
52.95561 2.25658
53.16150 2.07540
53.81212 1.97657
54.07567 2.25658
54.32274 3.52488
52.93090 5.10614
53.51564 6.37444
52.74972 6.95917
53.27680 6.65445
52.82384 8.53219
53.16150 8.68867
53.63917 12.03237
53.55682 12.47710
54.12508 12.32062
52.78266 13.35008
52.74148 13.68775
52.81560 14.24778
52.89796 14.02541
52.86502 14.56073
53.30151 13.27596
52.72501 15.13723
53.17797 16.07610
53.42505 14.89840
52.72501 17.64912
53.25210 16.75143
53.59799 16.89968
53.79565 16.92438
54.30627 17.97855
52.96385 19.32097
52.77442 19.61746
53.91095 18.39857
53.89448 19.59275
52.76619 19.78217
53.06267 19.94689
53.50740 20.45750
53.70506 20.33397
54.09214 20.45750
54.33921 19.91394
53.15327 24.68242
53.18621 23.21646
53.74624 24.32828
53.75447 25.67894
53.75447 26.18955
52.73325 26.28838
53.17797 25.34128
52.79913 26.80723
53.18621 26.98842
53.92742 26.63428
53.55682 26.92253
54.28156 27.51550
54.05919 26.43663
52.88972 28.38849
53.07915 29.58267
53.06267 29.30265
53.28504 28.87440
53.60623 29.00617
53.96037 28.88263
54.11684 28.52850
54.14155 28.28966
54.19920 30.85097
53.40857 32.73694
53.66388 32.91813
54.10861 32.90989
54.28979 31.57571
52.73325 33.51934
52.81560 33.93936
53.33445 34.12878
54.10037 34.26879
54.04272 33.95583
53.16974 35.65238
53.22739 35.80886
53.39210 35.33943
53.88624 34.59821
52.99679 36.63243
52.79913 37.34071
53.44975 36.36066
54.17449 37.23364
53.01326 38.73254
53.42505 38.35370
53.16974 38.27958
53.75447 39.42434
53.93566 40.10790
54.32274 39.98437
53.63917 6.10266
52.88972 15.41725
53.33445 20.25161
51.34141 0.60121
51.76143 1.13653
51.07787 2.37188
51.86026 2.56131
51.71202 1.96833
52.20616 2.27306
52.00850 2.24011
51.43200 3.89549
51.14375 3.94490
51.14375 4.40610
51.67907 4.46375
51.72849 3.85431
51.80261 3.61548
51.90144 4.50493
52.15675 4.92495
52.42852 4.62023
52.35440 3.85431
52.00027 5.55087
52.28852 7.23095
51.25082 9.38871
51.65437 9.56989
51.76143 9.38047
51.81908 9.14164
52.10733 9.38047
51.71202 11.45587
51.70378 10.77231
51.79437 10.60759
52.00027 11.37351
52.40382 11.03585
51.29200 12.93830
51.86026 11.92531
52.37087 12.25474
52.55206 11.77706
52.36264 12.73241
52.01674 14.69251
52.63442 14.14071
52.52735 13.81128
52.35440 13.38303
51.70378 15.50784
51.99203 15.69726
52.65089 15.14547
52.64265 14.96428
51.48965 17.36911
52.23087 17.12204
51.96732 17.91267
51.90967 17.99502
52.30499 17.46794
52.60971 17.46794
52.60147 19.51039
52.31322 19.18920
51.12728 21.31402
51.37435 21.00929
51.30847 21.15754
51.42377 21.50344
51.36612 22.21994
51.64613 22.26112
51.43200 23.45530
51.24258 24.15533
51.81908 24.47653
51.58025 23.94121
51.10258 26.32956
51.84379 25.81895
51.81908 25.25068
51.56377 24.86361
51.95085 25.10244
52.02497 25.24245
52.19792 25.45658
51.97556 25.73659
52.42852 26.03308
52.28028 25.07773
51.57201 27.93553
51.58848 27.26843
52.47794 26.83194
51.76967 28.08377
52.51088 28.42143
52.37911 28.26495
52.46147 31.18039
51.08610 32.65459
51.41553 32.02867
51.63790 31.61689
52.23910 31.69924
52.26381 32.53105
52.59324 32.80283
52.49441 32.04514
52.68383 31.66630
51.23435 32.95107
52.19792 33.26403
52.02497 34.30996
52.57677 33.95583
51.54730 36.09711
51.71202 35.98181
51.66260 35.84181
51.49789 35.80063
51.67084 35.43826
51.47318 34.65586
51.64613 34.92764
51.72025 34.63939
52.11557 34.66410
52.25557 35.77592
51.92615 36.19594
52.37087 35.91593
52.38735 35.98181
52.69207 35.35590
52.67560 34.98529
51.26729 36.38536
51.07787 37.00304
51.16023 37.43130
51.30023 37.43130
51.44024 37.37365
51.53083 37.45601
51.77790 36.71479
51.99203 36.87127
52.55206 37.43130
52.48617 37.23364
51.87673 38.24663
52.19792 38.62548
52.63442 38.67489
51.15199 40.00084
52.29675 40.20673
52.54382 40.73382
51.39082 22.55761
51.48965 6.15207
50.55902 2.63543
50.49313 3.22016
49.57073 4.90025
50.61667 3.81313
50.69079 3.55783
49.55426 5.57558
49.61191 6.44856
49.89193 5.58381
49.91663 7.20625
50.19665 6.82740
50.32018 6.67092
50.33665 8.00511
49.44720 10.10522
49.80957 10.96996
49.78486 11.25821
50.79785 11.07703
50.71550 12.46063
50.81433 12.45239
50.92139 12.42769
49.44720 15.86198
50.10605 16.22435
49.95781 15.87845
50.17194 15.12900
50.42725 14.91487
50.34489 16.30670
50.81433 16.24905
50.97080 15.14547
49.45543 17.22087
50.42725 17.15498
50.27077 17.12204
49.74368 18.38210
50.04017 20.74575
50.62490 21.37990
50.11429 22.61526
50.51784 21.61050
50.29548 22.50819
50.94610 22.41760
50.78962 21.82463
49.43073 24.42711
49.57897 24.36123
49.73545 24.39417
50.22959 24.30358
50.48490 23.22470
50.63314 23.52119
50.32842 24.60006
50.75668 24.05651
50.77315 23.69414
49.52955 24.99538
49.44720 25.26716
49.94958 25.19303
51.04493 26.07426
50.99551 25.67894
50.85550 25.16009
49.77663 26.91430
50.14723 27.76258
50.27900 27.04607
50.80609 27.11195
50.91315 28.10848
49.57897 30.61213
50.22135 30.57919
49.65309 31.60865
50.02370 31.55100
50.57549 31.78984
50.46843 32.41575
50.50137 32.67929
50.77315 33.92289
49.49661 36.16300
49.88369 35.78416
50.83080 35.86651
50.75668 35.37237
49.58720 36.37713
49.47190 36.69008
49.72721 36.76421
49.51308 37.11834
49.78486 37.25835
49.43073 37.74425
50.20488 37.64543
50.21312 37.78543
49.85075 37.29129
50.13900 37.17599
50.59196 36.31124
50.81433 37.53836
51.01198 37.30776
50.93786 37.44777
50.72373 36.72303
49.52955 39.04550
49.85898 39.10315
50.11429 38.23016
50.33665 38.20545
50.50960 39.44905
50.29548 39.38316
50.77315 38.99608
51.01198 38.60077
50.66608 37.97485
49.57897 40.80794
50.06488 40.89030
49.97428 40.31380
50.98728 40.36321
50.13076 15.82903
49.18365 1.22712
49.28248 0.14001
48.05536 2.48718
48.70598 2.25658
49.35660 2.78367
49.11777 2.38012
49.30719 2.03422
48.01418 4.86730
48.17890 4.28257
48.65657 4.98260
49.04365 6.20972
48.43421 7.48626
48.40950 7.25566
48.74716 7.33802
49.17542 10.72289
48.14596 13.25949
48.17890 13.50656
48.93658 13.25126
49.20013 13.79481
48.48362 15.32665
49.28248 16.45495
49.26601 15.33489
47.93183 17.62442
48.43421 17.72325
49.18365 17.61618
49.06835 17.03968
49.01894 16.56201
49.38955 16.57848
48.05536 18.27504
48.36008 18.87625
47.97301 20.23514
48.09654 21.82463
48.09654 21.93993
48.49186 22.93645
48.55774 21.47873
48.68951 21.68462
48.71422 22.95292
49.03541 23.04351
47.84947 23.95768
48.12948 24.18004
48.36832 23.52942
48.53303 23.73531
48.91188 24.23769
48.61539 24.60830
49.29895 24.64948
49.10953 39.86083
49.34013 39.73730
47.99771 7.07447
49.20836 24.50947
49.38955 23.34824
49.10953 25.19303
49.03541 27.03783
48.22008 30.10152
48.70598 29.75562
49.22483 30.61213
49.10953 32.61341
49.04365 32.25104
47.78358 35.58650
48.03066 35.66062
48.79658 36.07241
48.93658 36.03946
49.03541 35.89122
49.25778 35.86651
49.31543 34.74646
47.96477 36.63243
47.98948 36.74773
48.45068 37.93368
48.39303 36.27830
48.61539 36.50890
48.97776 36.43478
48.73893 36.69832
48.90364 36.79715
48.55774 37.43130
48.82128 37.51366
48.96953 37.29953
49.01070 37.11011
49.05188 37.47248
49.36484 37.29953
49.01070 36.94539
49.11777 37.00304
49.13424 36.62420
47.96477 38.12310
47.98124 37.95015
47.78358 38.67489
47.88241 38.72430
48.00595 38.97138
48.37656 39.39140
48.52480 39.23492
48.53303 39.16080
48.21184 38.30428
48.79658 38.09015
48.63186 38.93843
48.68128 39.13609
48.84599 39.23492
49.39778 39.31728
48.05536 39.86907
47.78358 40.05025
48.16243 40.61028
47.91536 40.97265
48.22008 40.92324
48.47538 40.70087
48.54951 40.43733
48.33538 40.00084
48.39303 39.91025
48.45068 39.68788
48.91188 40.36321
49.31543 40.02555
46.11997 1.48243
47.52004 2.33894
47.39651 6.03677
47.64358 5.85559
47.49533 5.74029
47.36356 7.26390
46.33410 9.00163
46.16115 9.70167
47.64358 8.52396
47.63534 8.49102
46.35881 10.08051
46.91883 10.90408
46.88589 10.31111
46.72118 10.09698
47.19061 10.28640
47.47886 10.93702
47.52004 10.78054
47.49533 10.62406
47.45416 11.95001
46.33410 14.11601
46.44116 14.13248
46.24351 15.46666
46.41646 16.03493
46.28469 15.83727
46.74588 15.38430
47.09178 15.24430
47.44592 15.18665
46.42469 16.71849
46.27645 17.95385
46.96001 16.85026
46.15291 19.28803
47.02590 18.67859
46.26821 22.21994
46.92707 22.63173
46.26821 23.72708
46.35881 23.70237
46.59764 24.00709
46.16939 25.36598
46.68000 28.38849
46.21056 30.72743
46.16115 31.17216
46.75412 32.06162
46.88589 31.52629
47.60240 32.06162
47.68476 3.68136
46.21880 5.72382
46.61411 5.84735
46.83648 5.66617
46.16939 31.69924
46.30939 31.81454
46.58117 33.71699
47.52004 33.31344
46.25174 34.74646
46.20233 35.26531
47.04237 35.99005
47.46239 35.96534
46.34234 36.65714
46.49058 36.96186
46.47411 37.27482
46.39999 37.13481
46.75412 37.31600
46.84471 37.34071
46.89413 37.10187
46.90236 36.48419
47.05884 36.62420
47.22356 36.33595
47.14943 36.95363
47.14120 37.22541
47.18238 37.29129
47.09178 37.37365
46.96825 37.81014
47.66005 37.67013
47.62711 37.39012
47.64358 37.12658
47.66828 36.51713
46.21880 38.01603
46.25998 38.23016
46.36704 38.31252
46.21056 38.70783
46.43293 39.38316
46.55646 39.26786
46.53999 38.93843
46.73765 38.58430
46.81177 38.54312
46.83648 38.18075
46.68000 38.14780
47.14943 38.68313
46.99296 39.32551
47.41298 38.96314
47.49533 39.04550
47.68476 39.08668
47.70123 38.90549
47.45416 38.77372
47.53651 38.60077
47.66005 38.65842
47.38003 37.98309
46.33410 39.86907
46.39175 39.63847
46.26821 40.34674
46.12821 40.78323
47.04237 40.37968
46.93531 40.47851
47.28121 40.56910
47.02590 41.07972
47.24826 40.98089
47.56122 40.78323
47.67652 39.83612
46.56470 9.18282
45.24699 1.36713
45.51876 1.23536
45.33758 1.61420
44.64578 2.46248
44.53048 2.39659
45.23051 3.93667
45.66701 4.76024
45.84819 5.02378
46.09526 5.18850
44.98344 7.25566
44.80226 9.25694
45.40346 9.72637
46.07056 9.80873
45.97996 8.59808
44.74461 10.27816
44.61284 13.99247
45.14816 14.18189
45.04109 13.91835
46.03761 14.35484
44.73637 15.87845
45.16463 15.08782
45.60112 14.93134
44.69519 17.84678
45.39523 16.99027
45.40346 17.78913
45.82349 17.87149
45.88114 17.55030
45.80701 16.97380
45.13169 18.83507
45.04109 18.15974
45.23051 18.20092
45.46935 18.23386
45.36229 18.34092
45.71642 18.65388
45.74113 18.53858
45.09874 22.87880
45.53524 22.59879
45.85643 22.73056
46.09526 22.61526
44.99991 24.66595
45.31287 24.59183
45.27993 23.19176
45.54347 24.63301
46.04585 24.36123
44.63754 24.91302
45.30464 24.97067
45.77407 25.90954
44.57989 26.51898
45.31287 32.55576
45.02462 34.19466
44.91756 33.93112
45.79054 33.02519
44.76108 35.52061
44.91756 35.71003
45.26346 35.74298
45.67524 36.11358
44.48930 36.73126
44.78579 37.43130
44.61284 37.38188
44.76931 37.48895
45.27993 37.69484
45.03286 37.36541
45.09051 37.17599
45.23875 36.47596
45.55994 36.97833
46.02938 37.32423
44.80226 38.18898
44.57989 38.88902
44.68696 39.37493
44.98344 38.23840
44.99991 38.08192
45.27169 37.95015
45.16463 38.22193
45.45288 38.51841
45.43641 39.14433
45.74113 39.04550
45.78231 38.79843
45.92231 38.88078
45.93879 38.46076
45.91408 38.05721
44.48930 39.66318
44.67872 39.58905
44.81873 39.57258
44.51401 40.71735
45.18110 40.47851
44.95874 40.02555
45.26346 40.11614
45.03286 39.82789
45.02462 39.67141
45.43641 40.25615
45.73289 40.54440
45.74936 39.77848
45.94702 39.68788
45.40346 28.80851
44.80226 40.56910
44.90932 24.92949
65.71272 31.25452
78.18159 1.73773
78.29689 1.80362
78.98045 10.45935
78.20629 13.10301
81.10526 0.27178
80.90761 0.32943
80.77584 0.32943
80.79231 1.34242
81.06408 1.33418
81.45858 0.98911
81.43469 0.02471
82.18414 0.74121
81.06408 2.13305
81.04761 2.64366
81.14644 2.93191
81.80530 1.88598
81.60764 2.62719
81.97001 2.93191
81.22056 4.74377
81.26174 3.80490
81.45940 4.07668
82.16767 4.91672
80.78407 5.53440
81.97001 5.86382
82.13473 6.11913
81.35233 7.40390
81.65706 6.97565
81.89589 7.32978
81.32763 9.70167
81.74765 10.06404
81.55823 10.09698
80.75113 11.97472
81.36881 11.67824
80.88290 13.90188
81.12173 15.40078
81.33586 16.43024
81.91236 16.12552
82.19238 15.28548
82.11826 15.52431
81.45116 16.67731
81.59941 17.69030
81.54999 17.96208
82.09355 17.57500
80.71819 18.20915
80.74289 18.54682
81.06408 19.73276
81.87118 19.66687
81.01467 20.27632
81.05585 20.54809
80.77584 20.68810
81.03938 20.75399
81.49234 20.78693
81.51705 20.25984
81.24527 19.95512
81.57470 20.11160
82.05237 20.85282
82.22532 20.17749
82.11826 20.06219
80.98996 21.57756
81.35233 22.31877
81.36881 21.99758
81.50058 21.49520
81.66529 22.99410
82.29121 23.43883
81.64058 25.67894
82.14296 28.61085
81.99472 28.19907
80.81701 30.43095
80.76760 30.76037
81.68176 30.88391
81.30292 32.81107
81.92060 32.75342
80.79231 33.43698
81.12997 33.79111
81.86295 34.91117
81.63235 40.63499
42.84216 1.31771
44.12693 4.79318
42.98217 7.21448
43.19629 7.03330
43.29512 7.72510
43.33630 8.41689
43.22924 10.19581
43.63279 10.40170
43.68220 10.46759
43.73985 10.95349
43.88809 11.06879
43.03158 11.90060
44.35753 12.97124
44.12693 12.37004
44.20105 11.99119
43.93751 14.42896
43.36101 15.81256
43.08099 17.91267
44.43165 16.48789
43.17159 19.44451
43.53396 21.28107
44.34929 27.93553
43.55043 28.17436
43.69044 28.03435
43.94574 28.60262
43.94574 29.70620
43.20453 33.28050
42.85863 33.72523
44.33282 34.24408
43.74809 31.50982
42.85863 35.92416
43.54219 35.67709
43.34454 35.27354
43.66573 35.06765
43.95398 33.52757
43.90457 37.15128
43.98692 37.71955
44.07752 37.53836
44.24223 37.20893
43.17982 37.89250
42.94099 38.43605
43.03982 38.77372
43.46807 38.27958
43.70691 39.02079
43.97045 39.29257
44.37400 39.42434
44.43165 39.16080
44.42341 38.60900
44.10222 38.04898
44.42341 38.11486
43.30336 40.99736
43.97869 39.97613
44.30812 39.67965
43.68220 39.57258
43.81397 3.06368
43.83868 5.39439
43.11394 10.68995
42.92452 11.61235
42.96569 28.12495
44.24223 37.10187
44.08575 40.07496
44.20929 40.29732
41.74681 1.62243
42.20801 1.87774
41.49150 3.64842
41.82093 4.52140
41.68916 8.02158
41.24443 8.75456
42.52097 8.54043
41.52445 10.19581
41.49150 10.73936
41.68092 9.92403
42.63627 11.07703
42.76804 11.04409
41.66445 12.27944
42.21624 12.17238
42.19977 12.58416
42.79274 12.79006
41.66445 14.10777
41.61504 13.65481
41.93623 13.43244
41.87035 16.93262
42.19977 21.57756
42.32331 22.22818
42.50449 23.08469
41.60680 25.83542
42.44684 27.83670
41.47503 28.52850
42.75157 28.56144
41.86211 32.05338
41.61504 34.39232
41.73857 33.11579
42.61979 34.24408
42.27389 35.59473
41.55739 36.98657
41.34326 37.13481
41.57386 37.47248
41.89505 37.16776
42.53744 37.06069
42.61979 37.01128
41.41738 38.24663
41.73034 39.08668
42.74333 39.21021
42.52920 38.85608
42.71862 39.06197
42.75157 38.23840
42.67744 37.82661
41.38444 39.61376
41.61504 40.91500
42.01035 40.71735
41.91976 40.28085
41.68092 39.64670
42.33154 39.86907
42.05153 40.46204
42.32331 40.56910
42.80098 40.14085
42.47979 39.58905
42.52920 39.53964
41.91976 10.96173
39.55611 2.03422
39.95142 3.73901
40.56910 5.77323
40.03378 7.94746
40.91500 8.02982
41.03030 7.54391
39.74553 9.09222
40.08320 9.70167
40.42910 8.63102
39.87730 9.94050
40.28909 10.64877
40.68440 10.43464
40.66793 11.35704
40.93971 10.02286
41.13737 9.95697
39.59729 11.96649
40.29732 12.10649
40.06672 11.75236
40.69264 11.76883
40.40439 11.88413
40.56087 12.27944
40.98089 12.90536
40.79970 12.23826
40.85735 11.69471
41.12090 15.63138
40.79970 15.12076
41.04677 20.80340
39.75377 22.35995
40.34674 22.82115
40.73382 23.08469
39.86083 27.53198
39.77848 28.48732
39.69612 29.60737
40.06672 28.40496
40.70087 28.71792
40.84088 28.94028
40.95618 28.59438
39.61376 29.68973
39.91025 30.34859
39.53964 30.43918
39.83612 32.04514
40.25615 32.56399
39.68788 33.48639
39.79495 33.72523
40.31380 33.60169
40.73382 33.23109
39.53964 37.09363
39.93495 37.13481
39.84436 37.55483
40.24791 37.41483
40.42910 36.50066
40.56910 37.16776
39.56435 39.28433
40.53616 38.80666
40.65146 38.85608
40.55263 39.00432
40.43733 38.97961
40.69264 39.28433
40.38792 39.48199
40.86559 39.39140
41.11266 39.27610
40.85735 38.93020
40.97265 38.69960
40.79147 38.28781
41.15384 38.00780
39.86083 39.68788
39.55611 40.80794
39.60553 40.92324
40.13261 40.01731
40.19026 40.08320
40.41262 39.95142
40.70087 40.19850
40.58557 40.23967
40.94795 40.14085
41.03854 40.17379
40.89030 39.53964
41.02289 39.74306
38.32899 0.18119
38.07368 2.16599
38.44429 2.90721
38.42782 6.36620
38.08192 7.24742
38.35370 7.56862
50.12253 38.69136
38.85608 8.21924
38.09015 9.31459
38.40311 9.41342
38.50194 9.04281
39.10315 9.42165
38.86431 9.68519
39.00432 9.77579
39.16080 9.57813
39.19374 9.71814
39.47375 10.68995
38.54312 11.61235
38.87255 22.69761
39.40787 23.90826
38.23016 25.28363
39.37493 25.98366
39.39140 25.64600
39.26786 25.36598
39.36669 26.77429
37.95015 28.89087
38.33723 29.43442
39.09491 29.95327
38.95490 30.15093
39.34198 28.62732
37.95838 30.51330
38.11486 31.15569
39.24315 30.50507
37.99956 32.33339
38.16428 32.17692
38.57606 32.48164
38.62548 32.48164
38.37017 31.74042
38.71607 32.81930
39.07844 32.61341
39.12785 32.81107
39.38316 32.61341
39.44905 32.41575
39.48199 32.13574
38.27134 33.07461
38.61724 32.93460
39.44905 33.33815
39.44081 35.91593
38.20545 38.67489
38.73254 37.99133
38.96314 40.34674
39.04550 40.59381
39.30080 40.75029
39.50670 39.81965
36.97833 6.19325
37.35718 6.49797
36.28653 6.84387
36.24536 7.81569
36.47596 7.44508
36.89598 6.71210
37.37365 6.89329
37.25835 8.04629
36.25359 8.81221
36.44301 9.18282
36.91245 9.41342
37.67013 9.66872
37.03598 11.06056
37.82661 11.12644
37.30776 12.17238
37.19246 12.55946
37.48895 11.63706
37.35718 26.25544
36.94539 26.76605
36.57478 28.24848
37.71131 28.87440
36.81362 29.99445
36.53361 31.98749
37.28306 31.96279
36.35242 33.95583
37.21717 32.98402
37.43130 33.68405
37.32423 34.47468
37.77720 34.26879
37.64543 33.32991
36.58302 35.51238
36.83833 38.50194
37.71955 39.30080
37.62895 38.33723
37.75249 38.52665
36.64067 40.33850
37.28306 40.74205
52.51912 30.79332
51.60495 34.21114
51.17670 34.80411
35.86651 9.22399
34.74646 5.74029
35.24884 6.03677
35.26531 6.03677
35.29001 5.60028
36.20418 6.50621
36.02299 6.26737
36.19594 5.76500
35.94887 5.61675
35.50414 6.06972
34.92764 6.92623
35.24060 7.52744
35.31472 6.81093
35.71827 6.59680
35.94887 6.84387
36.15476 6.79446
35.33943 7.40390
35.56179 7.14036
35.52885 7.68392
35.99005 7.48626
35.39708 9.06752
35.21589 9.29812
35.51238 8.54867
35.48767 9.30635
35.75121 9.08399
35.59473 9.78402
35.75121 9.48754
35.92416 9.49577
35.87475 9.12517
36.17123 8.92751
34.82058 14.38778
35.11706 14.26425
35.31472 14.10777
35.49591 13.77834
35.67709 14.46191
35.21589 15.24430
35.73474 15.20312
35.46296 15.29371
35.76768 22.44231
34.70528 24.17181
34.65586 24.46006
35.07589 23.76002
36.00652 25.03656
34.68881 31.23804
35.32296 30.23329
35.99005 30.77684
34.95235 32.51458
34.96882 32.48164
35.85828 32.79459
35.23236 33.15696
35.71827 33.18991
35.89946 33.09931
36.18771 33.18991
34.68881 35.78416
35.11706 36.07241
35.75945 35.01000
36.10535 35.19119
35.89946 34.74646
34.62292 37.02775
35.27354 37.45601
35.46296 36.40183
34.77940 38.07368
35.46296 38.71607
36.20418 38.62548
34.91117 40.77500
35.17471 40.79147
35.18295 40.56087
35.33943 40.40439
35.31472 39.72083
35.47120 40.44557
35.92416 41.10442
35.86651 39.99260
48.18713 7.79098
49.09306 16.24905
49.34837 15.86198
49.34837 21.04224
48.35185 31.95455
48.31067 36.10535
48.51656 35.99828
47.80829 36.93716
48.83776 36.37713
47.96477 39.16080
62.84670 6.02854
62.65727 6.52268
68.85053 8.28512
68.33168 31.18863
69.08936 18.45622
67.86224 26.84841
33.87347 4.52140
34.06289 4.93319
34.46644 4.28257
33.53581 6.20972
33.64287 5.02378
33.41227 4.99908
33.84876 5.60028
34.26879 5.46028
34.30173 5.14732
34.25231 5.29556
33.88994 7.72510
34.41703 7.90628
33.35462 8.48278
34.00524 8.43337
33.93112 9.81697
34.24408 9.74284
33.01696 10.78878
33.37109 10.64054
34.06289 10.50053
34.05466 14.14071
34.41703 14.17366
34.18643 16.37259
32.95107 16.50436
33.16520 23.91650
33.26403 24.38593
34.16172 24.43535
33.47816 25.86013
33.70052 25.45658
33.63464 24.86361
33.98054 25.11068
33.84876 25.29186
33.78288 25.31657
34.39232 25.49776
33.18991 30.91685
33.46992 29.82150
33.96406 31.79807
33.84053 32.81107
33.03343 33.86524
33.51110 33.68405
33.95583 35.37237
34.14525 36.38536
34.43350 36.90421
33.28874 38.18075
33.02519 39.00432
33.89818 37.99956
33.94759 38.96314
33.04166 41.12090
33.28874 40.87382
33.46992 40.71735
33.62640 40.67617
33.55228 40.14085
33.51110 40.21497
34.02171 40.14908
34.02995 40.70087
33.88171 41.12913
34.08760 10.12169
34.11231 31.32040
31.72395 0.84828
32.20986 0.74945
31.95455 2.12481
31.32040 4.66965
32.06985 4.57905
31.41099 5.07320
31.32864 5.43557
31.84749 5.27085
32.42399 4.94966
32.20986 6.70387
31.50159 9.38871
31.56747 10.80525
31.96279 10.95349
32.06985 10.03109
32.52282 10.60759
32.14397 14.08306
32.09456 15.63138
32.48987 15.03017
31.97102 17.64089
31.78160 23.15881
31.52629 25.02008
31.39452 26.31309
32.01220 26.24720
32.02044 29.47560
32.30045 29.35207
31.31217 30.90038
32.16868 30.17564
32.13574 30.73567
31.83925 32.58870
32.73694 32.08632
31.46864 36.72303
31.88867 38.09015
31.36982 39.58905
31.92161 40.93971
31.94632 41.17031
31.88043 40.82441
32.52282 39.94319
32.35810 39.94319
32.40752 40.55263
32.14397 41.10442
32.51458 40.85735
32.90989 39.62200
65.33388 1.80362
64.67502 3.73901
32.73694 18.20915
64.65032 6.49797
64.88915 6.14384
64.75738 6.16031
64.79032 7.15683
30.87567 1.03770
30.98274 1.66361
29.74738 4.07668
29.73091 4.85907
30.13446 4.70259
30.34859 4.29904
30.76037 3.38488
30.63684 4.81789
29.86268 5.37792
30.24152 5.36145
30.66978 5.41086
31.03215 5.18026
29.78856 9.89109
29.82974 10.22875
30.08505 10.96173
30.40624 10.81349
30.36506 10.02286
30.65331 11.51352
30.15093 14.56073
29.79680 15.15370
30.54625 15.63961
29.73915 24.71536
29.96975 25.70365
30.86744 26.02484
31.27922 26.02484
31.01568 27.35903
29.71444 32.20986
29.68150 32.27574
29.72267 32.63812
29.90386 32.70400
30.36506 31.81454
31.20510 31.45217
29.92857 33.60169
31.00744 33.65934
29.73091 35.09236
29.81327 35.71003
29.74738 35.75945
30.39800 35.21589
30.11799 35.23236
31.18863 36.03946
29.79680 36.73950
29.81327 37.10187
30.20858 37.76896
30.07681 37.19246
30.38977 36.43478
29.80503 38.17251
30.66978 38.75725
31.00744 38.27958
29.73091 39.95966
30.20858 39.54788
30.09328 39.64670
30.58742 40.22320
31.20510 41.03854
30.92509 39.78671
27.68845 16.72673
26.47780 35.12530
27.61433 37.21717
30.72743 39.12785
28.10024 0.63415
28.64380 1.02123
29.08029 1.07888
29.22030 1.22712
28.48732 3.39311
29.61561 4.57082
29.58267 3.45076
28.76733 6.42385
28.45437 6.30855
29.17088 6.48150
29.54972 5.89677
28.28143 7.79098
28.62732 7.18154
29.61561 7.84863
28.04259 9.77579
28.60262 9.10869
29.54149 10.62406
28.18260 14.75016
29.63208 14.61015
28.12495 16.03493
28.24848 16.42200
28.47908 15.82903
29.20382 15.16194
29.24500 14.99723
28.37202 16.58672
27.98494 16.89968
28.72615 17.46794
28.42143 16.55378
28.91557 16.89144
29.08852 17.96208
28.80851 19.51863
28.74262 19.30450
28.66850 18.61270
29.61561 19.50216
29.02264 20.10337
29.07205 22.66467
28.16613 25.55541
28.47085 25.93425
28.57791 31.24628
28.78380 29.98622
28.68497 29.78032
29.10500 30.33212
29.06382 30.79332
28.49555 31.60865
28.82498 32.12750
29.60737 32.69577
29.54149 32.55576
29.53325 32.14397
29.61561 32.05338
28.36378 33.93936
28.85792 34.41703
29.50031 33.27226
28.40496 34.84529
28.77557 35.17471
28.49555 35.06765
29.15441 35.19942
28.94852 35.61121
28.91557 35.61944
29.49207 35.41355
29.59090 35.34766
29.26971 35.16648
28.55320 37.67837
28.59438 37.37365
29.06382 37.37365
28.19083 38.39488
28.20730 38.84784
28.25672 38.71607
28.27319 39.46552
28.25672 39.30080
28.34731 39.13609
28.64380 39.34198
28.56967 38.88078
28.98970 38.76548
29.05558 39.51493
29.12147 39.20198
29.45913 39.30080
29.28618 38.88902
29.38501 38.66665
29.57443 38.23016
28.36378 39.69612
28.72615 40.62675
28.44614 39.95142
28.94028 40.12437
29.37677 40.19850
28.38849 28.06730
29.34383 35.52885
27.09548 1.12006
27.02960 0.88122
27.23549 1.14476
27.30138 1.36713
27.87788 1.51537
27.00489 2.96486
27.11195 2.72602
26.79076 1.87774
27.58963 3.16251
27.05430 4.40610
27.39197 3.60724
26.67546 5.44380
27.35079 8.11217
27.73787 7.31331
27.94376 6.86035
26.55193 8.56514
27.26020 9.33106
27.99318 9.70167
26.85665 11.10997
27.40020 11.03585
27.27667 11.12644
26.70840 12.59240
27.16960 12.94653
27.15313 11.69471
27.16137 11.64529
26.81547 11.57117
27.44962 11.81824
27.72963 13.11125
27.95200 12.06531
26.51075 13.63010
26.60134 14.56897
27.07078 14.23131
27.26020 13.87717
27.45785 14.37955
27.38373 14.00894
27.37550 14.21483
27.88611 14.73368
26.60958 15.63961
26.56016 16.08434
27.37550 15.19488
27.35903 15.29371
27.36726 15.85374
27.69669 15.96080
26.74958 17.27028
27.86964 16.57025
27.63904 16.68555
27.66375 19.73276
26.56016 21.14107
27.03783 21.34696
26.95548 20.39162
27.19431 19.97159
27.72963 26.20603
27.02136 27.70493
26.87312 27.74610
27.37550 27.70493
26.44486 28.35555
27.02136 28.25672
27.96023 29.40148
27.99318 28.81675
27.96023 28.10848
26.64252 32.42399
26.81547 32.04514
26.70840 34.45821
26.74135 34.28526
27.08725 34.47468
26.79076 34.16996
27.09548 34.15349
27.41668 34.52409
26.37074 35.19942
27.89435 34.91941
26.68370 37.62895
26.75782 37.48895
27.38373 37.77720
27.79552 36.77244
26.52722 38.98785
26.74135 39.51493
27.03783 38.17251
27.52374 37.89250
27.90258 39.02903
26.41192 40.21497
26.56840 41.14560
26.82370 41.09619
26.85665 40.91500
27.29314 40.14085
27.36726 40.34674
27.53198 40.18202
27.36726 41.10442
27.72140 40.37145
27.82846 40.23967
27.66375 39.76200
27.77905 39.78671
13.19361 40.79970
13.93482 40.43733
24.81419 1.14476
25.09421 1.38360
26.22250 2.38836
25.39069 5.46851
25.47305 5.19673
24.83890 7.34625
25.16833 9.67696
25.32481 9.84167
25.62129 9.70167
26.00837 10.66524
25.50599 12.83947
25.40716 11.54646
25.72836 12.69946
25.98366 11.74412
24.96243 13.46538
24.79772 13.98423
25.02008 13.71246
24.73183 14.22307
25.09421 14.05012
24.98714 14.03365
25.50599 13.33361
25.87660 13.42421
25.76130 14.09953
26.31309 14.65956
26.26368 13.86893
25.42363 15.13723
25.81895 15.09605
26.32956 16.36435
26.24720 16.15023
26.23073 15.97728
26.20603 14.93958
25.00361 18.32445
24.80596 22.03876
25.82718 22.24465
25.03656 24.69066
25.22598 25.02832
25.64600 26.21426
24.78948 26.69193
24.99538 26.53545
25.31657 26.65899
25.11068 28.66850
24.71536 29.44266
25.85189 28.14965
26.12367 28.14142
24.84713 31.16392
25.30833 30.29917
25.26963 29.74985
25.70365 31.13922
26.23073 30.94156
25.09421 31.47688
24.84713 31.41923
24.85537 32.06162
24.80596 31.86396
24.78125 32.65459
24.78125 32.85224
25.42363 32.20986
25.51423 31.32864
25.43187 31.53453
25.85189 31.63336
25.63776 32.86872
25.91778 33.88171
25.62953 34.21114
26.28015 34.41703
24.95420 35.35590
25.18480 34.93588
25.87660 35.34766
25.77777 35.92416
25.25068 37.86779
25.67071 36.79715
25.72836 37.11011
25.13538 39.07844
26.28838 39.08668
25.21774 41.00560
26.29662 40.89853
26.20603 40.01731
25.59658 11.24998
38.18898 9.56989
55.74752 6.98388
55.93694 10.24522
55.40162 14.27248
55.59927 40.89030
23.43883 1.20241
24.08945 1.05417
23.74355 1.67185
23.97415 1.96010
24.63301 3.31076
23.20823 6.20149
23.69414 5.55910
24.31181 6.15207
23.90003 9.37224
23.24941 11.34881
24.65771 11.48058
24.61653 11.16762
23.36471 11.81824
24.07298 12.21356
24.49300 15.83727
24.50123 18.01973
24.22122 18.98331
24.16357 25.88483
23.82591 27.40844
23.87532 26.60134
24.18828 26.66723
23.18352 28.76733
23.28235 28.61909
23.59531 29.66502
23.52942 28.87440
23.57884 28.70145
24.14710 29.08852
24.14710 28.85792
23.15058 29.97798
23.06822 30.90038
23.83414 30.82626
23.95768 30.27447
24.56712 30.71920
24.69066 30.69449
24.60830 30.52154
24.63301 30.36506
23.38941 31.35334
23.25764 32.03691
23.43059 31.84749
23.08469 32.58870
23.48824 32.71224
23.79296 32.34987
23.66119 31.77337
23.51295 31.65807
24.27887 31.72395
23.94121 32.72871
24.33652 32.91813
23.55413 33.11579
23.20823 35.80063
23.66119 35.85004
24.46829 36.02299
24.69066 35.66062
24.69066 35.27354
24.41888 34.89470
23.45530 36.48419
23.27411 37.03598
23.10940 37.14305
23.80120 37.21717
23.66119 36.58302
24.25416 36.42654
24.06474 36.34418
24.11416 37.24188
23.46354 38.92196
23.58707 38.38664
23.77649 37.90073
24.27063 38.44429
24.55065 38.03250
23.54589 40.59381
23.92473 39.76200
24.18828 40.73382
24.53418 27.70493
21.97287 35.99828
22.17053 35.61121
22.19524 35.05941
22.73056 34.96059
21.69286 36.26183
21.42932 36.91245
21.75874 37.10187
21.72580 37.08540
22.03052 37.86779
21.91522 36.65714
22.12111 36.58302
22.36819 36.68185
22.74703 37.75249
22.68938 37.31600
21.59403 39.41610
21.89051 37.99956
22.35171 39.45728
22.15406 40.70087
21.97287 40.61028
22.03052 40.09143
22.45054 40.87382
22.31877 13.55598
22.52466 19.86453
21.91522 25.95896
21.72580 33.85700
21.71756 34.46644
21.75051 0.42826
21.84934 0.69180
22.52466 0.85651
21.44579 1.89421
21.50344 2.38012
21.68462 2.13305
21.65168 2.72602
22.39289 1.78715
22.40113 2.08363
22.90351 2.00951
23.01881 7.06624
22.48349 9.05104
21.54462 10.07227
22.14582 11.32410
21.90699 10.88761
22.77997 11.37351
21.52814 11.81001
21.81639 11.63706
22.59879 11.95001
22.97763 12.88065
22.15406 17.48441
21.46226 19.51863
22.15406 19.41157
22.64820 19.44451
21.54462 19.97159
21.61050 19.93042
21.79992 19.79041
21.48697 24.73183
21.70109 25.17656
21.88228 25.81895
21.93993 25.81071
22.62349 25.80248
23.03528 25.78601
21.51167 26.53545
21.71756 26.39545
21.80816 27.30138
22.16229 27.61433
23.01881 27.91082
22.35995 28.09200
22.98586 29.25324
21.80816 30.67802
22.63996 30.02740
22.25289 30.32388
22.66467 31.23804
22.82939 30.86744
22.94469 30.21682
21.49520 31.67454
21.66815 32.15221
22.58231 31.52629
22.50819 31.32040
22.64820 31.99573
22.54937 32.29222
22.42584 32.55576
22.75526 32.73694
22.73056 32.12750
22.78821 32.25927
22.72232 32.03691
23.00234 31.85572
22.85409 31.75689
21.53638 34.19466
22.96116 34.57351
20.50692 1.63067
20.74575 1.49066
21.06694 1.40831
21.05871 1.15300
21.33049 0.93064
20.44103 2.50366
20.40809 1.91068
20.63045 2.22364
21.17401 2.08363
19.90571 3.66489
19.79864 3.99432
20.45750 3.73901
20.75399 3.83784
21.20695 4.66965
21.04224 4.46375
21.19048 4.15080
20.24337 9.62754
21.18224 9.69343
21.06694 9.38871
20.18572 14.56073
19.91394 15.54902
20.07866 16.05963
20.43279 15.63138
20.91047 15.87845
19.80688 18.92566
20.30102 19.72452
20.30102 19.51039
20.46574 19.27156
20.37514 21.25637
20.65516 20.79517
21.04224 19.78217
21.16577 19.77394
20.24337 22.90351
20.86105 22.10464
20.98459 22.29406
20.11160 26.10720
19.79864 26.48604
20.85282 26.62605
20.96812 27.77081
21.34696 28.02612
19.92218 30.76037
20.24337 30.31565
20.39985 30.24976
21.37990 29.75562
20.13631 32.86872
20.72928 31.77337
21.35519 31.54277
19.86453 33.04166
20.58104 36.19594
20.40809 36.14653
20.64692 35.03471
20.74575 36.22888
20.72928 35.89946
20.10337 36.33595
20.29279 37.10187
20.49868 36.92892
20.91870 37.01128
20.99282 36.94539
20.92694 36.86303
20.91047 36.65714
20.63045 37.07716
20.84458 37.46424
21.19048 37.18423
21.24813 36.46772
19.83159 38.69960
20.13631 38.63371
19.83159 39.14433
20.26808 39.46552
20.46574 38.95490
20.58104 38.83960
20.26808 38.04898
20.59751 37.96662
20.86929 38.23016
20.95164 38.20545
20.61398 39.38316
21.34696 39.17727
21.19872 38.91373
21.31402 38.37840
21.09989 38.04898
20.58104 39.82789
20.58104 39.71259
20.47397 39.65494
20.73752 39.96790
21.26460 40.98912
21.02577 40.10790
21.25637 40.28085
20.86105 5.60028
18.12680 2.98956
18.13503 3.21193
18.51387 3.36841
18.13503 4.64494
18.62917 3.74725
18.81860 3.57430
19.42804 7.75804
18.25033 9.00163
18.28327 9.14987
18.68682 9.54519
19.01625 9.38047
19.19744 9.69343
18.65388 10.77231
19.74099 12.78182
18.13503 14.12424
18.87625 15.59020
19.12332 15.05488
19.44451 16.02669
18.49740 17.27028
18.80212 17.91267
19.20567 17.59971
19.28803 17.89620
19.59275 18.08562
19.74099 17.27852
18.91742 18.91742
19.33745 18.39857
19.44451 19.05743
19.50216 18.24210
18.51387 20.25161
18.92566 20.29279
18.67859 20.09513
19.43627 20.51515
18.68682 22.76350
18.27504 24.98714
18.30798 25.87660
18.60447 25.53893
19.27980 26.32956
18.62917 27.07901
18.84330 26.56840
19.10685 26.36250
19.11508 27.93553
19.54334 27.60610
19.41980 27.37550
18.22562 28.49555
18.71153 29.09676
18.74447 28.53673
19.28803 28.17436
19.08214 29.38501
19.68334 29.13794
19.71629 28.32260
18.46446 29.98622
18.93390 29.74738
18.99155 29.67326
18.12680 34.49115
18.43975 34.47468
18.38210 34.70528
18.50564 35.34766
18.34916 35.01824
18.18445 35.66062
18.52211 35.89122
18.90919 34.97706
19.17273 35.65238
19.61746 36.15476
19.53510 35.58650
19.62569 34.87823
18.56329 38.57606
19.73276 39.32551
18.83507 39.54788
19.74099 40.09967
18.23386 9.36400
16.66908 2.33894
17.63265 2.80014
18.08562 3.24487
17.91267 2.86603
17.04792 4.61200
17.08910 4.35669
16.94909 3.79666
16.47965 7.09095
16.80085 7.59332
16.55378 7.90628
17.11380 8.12864
16.72673 8.25218
16.47965 8.95222
16.75143 9.04281
16.75967 9.86638
16.97380 9.29812
17.00674 8.75456
17.94561 8.95222
18.03620 8.91927
16.86673 14.75016
17.84678 13.81128
17.74795 13.44068
16.79261 16.01845
17.42676 15.97728
18.03620 15.79609
17.49265 17.27028
16.50436 19.55157
17.66560 18.19268
17.55853 18.39857
17.69030 19.30450
17.41029 19.48569
17.82207 19.05743
17.82207 18.62094
17.00674 19.82335
17.36911 20.03748
17.42676 21.01753
16.72673 24.69066
16.76790 24.32005
17.15498 23.99886
18.07738 24.50947
16.64437 25.77777
16.76790 26.22250
17.19616 25.33304
17.64912 25.89307
17.75619 25.03656
16.51260 26.36250
16.59495 26.80723
16.99850 26.83194
17.67383 27.18608
16.67731 28.43790
16.90791 28.31437
17.10557 30.80155
17.52559 31.10627
17.73972 30.52154
17.95385 29.96975
16.68555 31.54277
16.52907 32.89342
17.01498 32.87695
17.24557 32.69577
17.11380 31.36158
17.44323 32.43222
16.97380 34.08760
17.08086 33.93936
16.99027 33.69229
17.31970 33.20638
17.37735 33.60169
17.65736 33.87347
17.59147 34.38409
17.94561 34.14525
17.65736 34.74646
16.62790 37.18423
17.17969 37.65366
17.49265 36.94539
17.34440 37.57954
17.65736 37.85132
17.88796 37.57954
18.06915 36.62420
16.71025 38.04898
16.81732 39.48199
17.02321 39.21845
16.89968 39.07844
18.11032 38.74901
16.52083 39.77024
16.71849 39.97613
16.78438 41.03030
16.94085 40.11614
15.61490 1.56478
15.40901 1.35066
15.68079 0.74945
15.73020 0.98829
16.04316 1.48243
15.51608 4.82613
16.18317 7.79098
16.36435 7.61803
16.29847 8.24394
16.01022 9.89109
15.67255 10.76407
14.91487 14.08306
16.19140 14.19836
15.20312 15.99375
14.93134 15.81256
15.32665 16.34788
15.35960 15.49137
15.75491 15.63138
15.87021 15.84550
16.14199 15.39254
15.93610 16.54554
15.68903 16.89968
16.02669 17.96208
16.14199 17.64089
16.41377 18.42328
15.57373 19.88100
15.41725 19.93042
14.84075 22.63996
15.63961 22.73879
15.39254 22.31054
15.53255 22.17053
14.93958 23.83414
15.12076 24.55888
15.62314 24.55065
16.37259 24.58359
16.02669 26.31309
16.17493 25.97543
16.24905 26.26368
16.16670 25.90131
15.42548 27.50727
15.46666 27.15313
15.54902 26.93077
15.56549 27.09548
15.58196 26.50251
15.51608 26.64252
15.75491 26.46957
15.73020 26.66723
15.82080 27.58139
16.05140 27.54021
15.65608 27.71316
15.68079 28.66850
16.00198 28.54497
14.95605 29.89562
15.22783 31.21334
15.54902 30.10152
15.40901 29.84621
16.23258 31.08157
15.77138 33.56875
16.06787 33.36286
15.17841 36.55008
15.08782 36.69832
15.21135 37.70308
15.57373 36.56655
15.68903 36.36066
15.17018 38.38664
15.43372 38.41958
15.49960 38.03250
15.73020 38.55135
15.75491 38.63371
15.87021 38.37840
15.87021 39.39140
16.29023 38.74901
15.97728 39.70435
16.10905 40.77500
16.29023 40.10790
16.46318 39.78671
14.48661 39.80318
13.49009 0.43649
13.93482 0.88946
14.42073 0.44473
13.26773 1.80362
13.42421 2.30600
13.39126 2.61896
13.63010 2.95662
13.84423 2.50366
13.89364 2.11658
13.59716 2.08363
13.38303 4.33198
13.55598 4.59553
13.96776 4.86730
13.86893 3.53312
13.86893 3.41782
14.14071 3.36841
14.40426 4.92495
14.28896 4.67788
14.44543 3.72254
14.62662 3.31899
14.40426 5.57558
14.20660 6.21796
14.58544 5.23791
14.61015 5.01555
13.23478 10.78878
13.93482 11.14291
13.62186 9.99815
13.80305 10.10522
14.17366 10.23699
14.22307 9.99815
13.47362 12.15591
14.34661 12.69123
13.59716 14.29719
14.36308 13.93482
13.72893 15.58196
13.89364 15.25253
14.24778 16.32318
14.28072 16.08434
14.52779 16.04316
13.40773 17.13851
13.83599 19.24685
14.81604 19.51863
14.16542 21.19048
14.25601 22.84586
14.54426 21.46226
13.44068 24.64948
14.39602 24.62477
14.79133 27.88611
14.81604 26.77429
14.23131 29.59090
14.40426 29.30265
13.32538 30.06857
13.78658 30.75214
13.93482 32.53929
14.02541 32.69577
14.67603 32.53929
13.25126 33.12402
13.53127 33.24756
13.39126 33.11579
13.47362 33.84053
14.40426 33.09931
13.26773 35.90769
14.09953 35.21589
14.18189 35.52061
14.66780 35.97358
14.52779 35.44649
14.60191 35.45473
14.69251 35.52885
13.18537 36.48419
13.20184 36.73126
13.69598 37.24188
14.00894 36.61596
13.44891 39.14433
13.92658 38.72430
13.98423 38.62548
13.84423 38.01603
14.51132 37.92544
11.56294 0.77416
11.82648 0.84828
11.79354 1.61420
11.98296 1.00476
12.79829 0.48591
11.68647 2.66013
12.18061 3.22840
12.50181 2.39659
12.93006 1.95186
13.07831 2.02598
11.98296 4.89201
12.90536 3.73078
12.31239 6.47327
13.09478 5.80617
12.27944 8.14512
12.26297 7.84863
12.09826 6.96741
12.38651 7.52744
12.69123 7.92275
11.60411 8.39219
11.57941 9.17458
12.31239 9.28164
12.05708 8.98516
11.64529 10.26993
11.92531 11.18409
12.01590 11.33234
12.05708 10.73113
12.05708 10.87114
12.44416 10.78054
12.74888 11.18409
12.98771 11.51352
12.41945 11.70294
13.06183 12.37827
11.89236 16.15023
11.68647 16.31494
12.28768 16.13375
12.88888 16.36435
13.06183 15.61490
11.72765 16.76790
11.71118 19.17273
12.41121 18.38210
12.71593 19.83982
12.93006 20.05395
11.93354 23.41412
12.88888 24.27063
13.14419 23.49648
11.54646 26.68370
12.46886 27.93553
12.60887 27.82023
11.58764 28.89910
12.58416 29.58267
12.97948 28.97322
11.62059 30.45565
12.10649 29.76385
11.81001 32.82754
12.03237 32.20162
11.99943 32.48164
11.57117 33.30521
11.54646 33.66758
11.81824 33.74170
12.23003 34.50762
12.43592 34.12054
12.75711 33.77464
12.54298 34.22761
12.32886 35.07589
12.07355 34.61469
12.12296 34.78764
12.50181 35.55356
12.60063 35.75945
12.83123 36.17123
13.00418 35.74298
11.86766 36.63243
11.60411 36.91245
11.71118 37.01951
11.54646 37.26658
11.75236 37.34894
12.12296 37.45601
12.25474 37.10187
11.75236 41.00560
14.50308 18.49740
11.41469 0.93064
9.97344 1.84480
10.50053 3.58253
11.01114 4.68612
9.89109 6.33326
10.97820 5.45204
10.61583 7.37096
10.37699 6.62151
10.45111 6.96741
9.93227 8.44984
10.20404 9.27341
10.63230 9.03457
10.99467 8.95222
11.35704 9.10046
11.29939 9.00163
11.45587 10.53347
11.51352 12.97124
11.34881 12.92183
11.43116 12.32886
10.16287 14.16542
10.67348 14.00894
10.59112 13.64657
10.83819 13.96776
11.10997 14.45367
10.13816 14.92310
11.01114 15.20312
11.02761 15.59020
10.81349 19.66687
11.18409 19.69158
9.99815 19.95512
10.27816 19.84806
9.89932 20.38338
10.43464 20.07042
11.52176 19.92218
10.08051 21.56109
10.01462 22.51643
10.64877 22.77997
10.43464 21.89051
10.38523 21.74227
11.15115 21.52814
10.56641 24.31181
10.50053 24.55065
10.43464 24.15533
11.47234 23.85061
9.96521 25.34128
10.16287 27.68845
11.44764 27.95200
11.32410 27.72140
10.13816 28.47908
10.36876 29.62385
10.60759 29.55796
10.52524 28.47908
10.47582 28.29790
10.71466 28.70968
10.74760 29.40148
11.15115 29.58267
11.29939 28.87440
9.97344 31.46041
10.26993 32.07809
10.77231 32.37457
11.15939 31.46864
10.12169 33.96406
10.47582 33.51934
10.76407 34.52409
11.25821 34.57351
11.13468 33.12402
10.31111 34.78764
10.51700 34.89470
11.48881 34.61469
10.34405 36.87951
9.91579 38.46076
10.03109 39.07020
9.93227 40.93147
11.08526 39.60553
11.22527 40.40439
10.80525 0.43649
10.43464 20.32573
10.84643 30.39800
8.65573 1.24359
9.11693 1.02123
8.44160 2.20717
9.22399 2.03422
9.23223 2.16599
9.15811 2.43777
9.09222 5.38615
9.14987 6.26737
8.32630 7.85687
9.08399 7.36272
8.77927 9.70167
9.05104 9.22399
9.38871 8.45807
9.03457 11.13468
9.05104 10.51700
9.86638 11.32410
8.72985 14.79133
9.32282 14.37955
9.80049 15.12900
9.66049 16.47965
9.70167 16.52083
8.87809 19.63393
9.04281 19.60922
9.24870 19.31274
9.66049 18.76095
9.69343 18.91742
8.61455 20.12807
8.24394 21.23166
9.33929 20.02924
9.50401 20.59751
8.52396 22.54937
9.24047 21.61874
9.38871 22.39289
9.78402 22.96939
9.70990 22.73056
9.80873 22.65644
8.52396 23.35647
8.61455 23.62825
8.54867 24.38593
9.00163 23.12587
9.12517 24.13063
9.32282 24.13886
9.19105 24.44358
9.63578 23.49648
9.40518 24.96243
9.65225 25.76130
8.44160 26.60958
8.64749 27.50727
9.00987 27.20255
9.79226 27.44138
8.58161 29.27795
8.98516 28.70145
9.75932 29.58267
8.55690 30.07681
8.28512 30.26623
8.72162 30.29094
9.03457 30.08505
8.86162 29.96975
9.35577 30.79332
9.02634 32.85224
9.00163 32.69577
9.28164 31.64983
9.38047 31.99573
9.37224 31.92161
9.27341 32.48164
9.41342 32.36634
9.32282 32.54752
9.81697 32.45693
9.84991 32.20986
9.72637 31.84749
9.87462 31.80631
9.84167 31.77337
9.51224 31.53453
8.54043 34.16172
8.79574 34.03819
9.30635 33.75817
9.85814 33.18991
9.14164 34.79587
9.49577 35.24884
8.63102 36.34418
8.67220 37.12658
8.68867 37.39836
8.68044 37.42306
8.73809 36.97833
9.47930 37.53013
9.53695 36.66538
9.73461 37.01128
9.48754 36.42654
9.86638 36.60773
8.66397 39.24315
9.46283 38.50194
9.62754 39.09491
9.78402 37.90897
8.99339 39.54788
9.22399 40.65146
9.15811 40.94795
9.74284 40.20673
8.21924 40.71735
6.94270 0.62591
7.39567 1.10359
8.02982 1.10359
6.82740 4.63670
7.05800 3.62371
7.52744 4.20021
7.52744 4.58729
7.84040 4.70259
7.91452 4.62023
6.67092 5.09790
7.20625 5.55087
7.75804 5.42733
7.42037 6.18502
7.50273 6.50621
7.67568 6.20149
8.06276 5.03202
6.90976 7.08271
7.07447 6.88505
7.10742 6.92623
7.67568 6.75328
8.16159 8.07099
7.98864 9.69343
6.90152 10.67348
6.62151 12.33709
7.21448 11.64529
7.58509 12.00766
7.95570 11.87589
6.69563 14.17366
7.39567 14.56073
7.32978 13.74540
8.13688 13.67128
8.11217 13.44068
7.02506 14.97252
7.80745 15.11253
8.07923 15.26077
7.39567 17.79737
7.02506 19.49392
7.31331 18.43975
7.49450 19.90571
7.92275 20.88576
6.90152 22.56584
6.86858 22.33524
6.67092 22.87880
6.72857 23.01057
7.00859 22.82939
7.11565 23.03528
7.23095 22.53290
7.23095 22.01405
7.51097 22.97763
8.16982 22.32701
7.84040 21.66815
6.59680 23.25764
6.77799 23.38941
6.85211 23.30706
6.76152 23.29882
6.90976 23.97415
7.23919 24.61653
7.20625 23.14234
7.74157 24.50947
7.66745 24.40241
6.68740 25.02832
6.81093 25.09421
6.94270 25.04479
6.67916 24.78948
6.81093 24.99538
6.72034 25.44834
6.90976 25.47305
7.92275 27.90258
7.28860 29.09676
7.88157 29.32736
6.67916 29.72267
6.90976 30.25800
6.91800 30.77684
6.78622 31.22981
6.94270 31.03215
7.04153 30.91685
7.62627 30.01092
7.46979 31.04039
6.95917 32.63812
6.68740 34.91117
6.76152 34.67234
7.38743 36.10535
7.24742 35.25707
7.44508 35.71003
7.54391 35.43002
7.49450 35.94887
7.69215 35.84181
7.94746 36.11358
8.16159 35.90769
7.89805 35.77592
7.14860 37.12658
7.29684 36.40183
7.90628 36.79715
8.19453 36.40183
6.88505 38.27134
7.56862 38.56783
6.61327 40.37968
6.62151 40.51969
6.78622 40.46204
7.26390 40.93971
6.46503 1.03770
5.26262 2.45424
5.47675 3.04721
5.69087 1.84480
5.79794 2.76720
5.13908 3.31076
5.20497 3.41782
6.46503 4.02726
5.12261 5.74852
5.04849 5.95442
5.39439 5.77323
5.64970 5.22968
5.95442 5.65793
6.27561 7.66745
6.07795 8.88633
6.22620 8.99339
6.57210 8.38395
6.06148 11.43940
5.91324 11.15115
6.29208 11.44764
6.50621 10.40170
4.94966 14.42073
4.97437 14.49485
6.02030 13.44068
5.87206 13.68775
5.96265 13.80305
6.58033 13.47362
5.04849 14.85722
5.28733 14.97252
5.00731 15.59020
5.50145 15.87845
5.54263 15.87021
5.92971 15.46666
6.48974 17.38558
4.94143 19.18920
5.67440 19.18097
5.81441 19.18920
5.79794 19.55157
6.02030 20.64692
6.30855 21.12459
5.05673 21.70933
5.27909 22.18700
5.88030 21.66815
5.92147 22.97763
6.38267 23.00234
6.34150 24.50947
6.57210 23.53766
6.48974 23.76826
6.51445 23.75179
5.22968 25.82718
6.12737 25.85189
6.51445 24.91302
6.43209 25.00361
5.13744 26.54451
5.24615 27.01313
5.33674 27.35079
4.95790 27.69669
6.09442 27.83670
5.13085 28.25672
6.05325 28.38849
6.11090 28.84145
6.25090 28.85792
6.33326 28.13318
5.88853 33.40404
5.08143 35.99828
5.65793 35.90769
5.45204 35.99828
5.47675 35.10059
5.91324 35.38884
6.26737 35.92416
6.55562 35.44649
6.48150 35.58650
6.44856 35.37237
6.25090 34.91941
5.20497 37.07716
5.62499 36.32771
5.53440 36.31124
6.49797 37.30776
6.56386 36.88774
5.02378 39.30904
3.93667 1.44125
4.58729 0.31296
3.78019 2.86603
4.34022 2.70131
4.62847 2.28129
3.54959 3.36017
3.31076 3.80490
3.62371 3.96138
3.55783 3.74725
3.80490 4.84260
3.72254 4.45552
3.80490 4.48023
3.87078 3.83784
4.21668 4.46375
4.43905 4.53788
4.14256 4.68612
4.31551 4.61200
4.42258 4.77671
4.63670 4.54611
4.55435 4.05197
3.33546 5.69087
3.54959 5.71558
3.35193 6.20149
3.77195 5.45204
4.14256 5.93795
4.75200 6.20149
4.87554 5.44380
4.62847 5.01555
3.41782 7.56862
3.63195 8.13688
3.96961 7.26390
4.10138 7.06624
3.87902 7.08271
4.42258 7.15683
4.64494 7.74157
3.87902 8.55690
4.38140 9.06752
3.73901 11.10174
4.76848 9.89109
4.08491 11.90884
4.76848 12.53475
4.78495 11.59588
4.65318 11.74412
3.94490 13.90188
4.39787 14.22307
4.75200 13.95129
3.36841 15.68079
3.64842 15.73020
3.61548 16.14199
3.79666 16.22435
4.03550 15.39254
4.21668 15.21959
4.28257 15.42548
4.14256 16.29023
4.55435 16.15846
4.76024 15.07135
3.56606 16.99850
3.37664 18.00326
3.78843 16.94909
4.27433 16.67731
4.42258 16.73496
3.65665 18.48093
3.56606 18.35740
3.61548 18.95037
4.09315 19.52687
4.64494 18.15150
3.59900 21.12459
4.02726 21.31402
3.79666 20.91047
4.21668 20.64692
4.54611 19.95512
3.54959 22.03876
3.77195 22.40936
3.87902 21.60227
4.43081 21.43755
4.26610 22.08817
4.44728 22.14582
4.18374 22.63173
4.66141 22.67291
4.50493 22.34348
3.58253 23.11764
3.34370 24.54241
4.05197 24.69066
3.73078 23.53766
3.87902 23.76826
3.92843 23.02704
4.13433 23.41412
4.32375 23.52119
4.80142 23.80944
3.50841 25.74483
3.92843 25.46481
3.73901 24.80596
3.92020 25.04479
3.86255 24.72360
3.90373 24.87184
4.44728 25.70365
4.29080 26.28015
4.88378 26.28838
4.86730 26.08249
4.85907 26.04131
3.91196 27.71316
3.93667 29.22030
3.90373 29.07205
3.39311 30.20858
4.18374 29.68150
4.54611 30.43095
4.55435 30.19211
4.56258 30.99097
4.61200 31.13922
4.57082 30.01092
4.01079 31.83102
3.87078 33.12402
4.34022 33.32991
3.67313 36.29477
3.77195 36.46772
4.10138 39.38316
3.45900 40.68440
4.02726 40.68440
3.81313 39.92672
4.60376 40.33027
5.14732 40.52792
5.65793 40.49498
5.80617 40.23967
2.52836 0.43649
3.15428 0.64239
1.73773 2.31423
1.83656 2.45424
2.10834 3.03074
2.65190 2.78367
3.17898 4.85083
2.74249 5.81441
3.10486 6.09442
3.18722 5.82265
2.94015 5.37792
2.94015 4.99908
3.22840 5.27085
3.08016 5.18026
1.66361 7.26390
3.20369 7.47802
1.92716 13.38303
2.00951 13.65481
2.33071 13.67128
2.24011 13.23478
1.87774 15.47490
1.66361 16.24082
1.83656 16.15023
2.18246 15.49137
2.80838 16.08434
3.28605 15.23606
2.12481 17.98679
2.35541 17.78090
2.03422 18.67859
2.46248 19.26332
2.37188 18.12680
2.84132 18.60447
2.61896 19.43627
2.79191 19.69158
3.00603 19.46922
3.14604 19.31274
2.89897 18.48917
1.96010 20.09513
1.97657 21.37167
2.26482 20.64692
2.13305 20.21043
2.13305 19.77394
2.52836 20.51515
2.74249 21.09989
2.38012 22.60702
3.19546 22.70585
3.28605 23.10940
2.11658 25.53893
2.15776 25.84366
2.40483 25.18480
2.22364 24.83066
2.84132 25.69541
2.52013 25.95896
2.58601 26.26368
3.01427 25.95896
3.13781 26.29662
3.25311 25.33304
2.66013 26.40368
2.70131 26.79076
2.27306 28.90734
2.72602 29.55796
3.00603 29.32736
2.00951 32.67106
2.84132 31.46864
2.47895 32.61341
3.12957 32.89342
1.68832 33.05814
2.65190 33.01696
2.60248 33.88171
2.47895 34.38409
2.42130 34.74646
2.46248 36.82186
3.25311 36.41831
2.00951 38.66665
1.82833 38.85608
3.26134 39.02903
2.94838 38.16428
2.19893 40.07496
2.14952 39.63023
2.51189 41.07972
3.00603 40.83265
3.12957 40.91500
3.26958 39.79495
2.04246 22.45054
4.43905 30.20035
4.01079 32.82754
4.54611 38.24663
0.14001 2.91544
1.61420 2.23188
0.37884 3.81313
0.18119 4.18374
0.62591 4.68612
0.51061 4.62847
1.30124 4.57905
1.34242 4.27433
1.60596 4.00255
0.10706 5.82265
0.36237 6.49797
0.59297 5.95442
0.79063 5.15555
0.56826 5.13085
1.31771 6.42385
0.67533 7.37096
0.15648 9.41342
0.37061 11.64529
0.58474 12.53475
0.84004 12.01590
0.86475 13.06183
1.41654 12.86418
0.01647 13.69598
0.52709 13.82776
1.01299 14.23131
0.90593 14.52779
1.30124 14.79957
0.19766 15.57373
0.12354 15.75491
0.29649 15.88668
0.27178 16.23258
0.55179 15.73844
1.58949 15.96080
0.48591 17.88796
1.09535 16.85026
1.10359 17.59971
1.28477 18.34916
1.44125 18.29151
0.00000 20.10337
0.39531 19.93865
0.23060 21.19872
0.80710 19.78217
0.89769 21.07518
0.69180 22.92821
0.74121 21.96464
1.01299 21.70109
1.16947 21.98111
0.90593 22.44231
1.14476 22.80468
1.40007 23.02704
0.18942 23.44706
1.14476 24.12239
1.18594 26.13191
0.21413 26.98842
0.65062 27.33432
1.07064 26.83194
0.46944 28.00965
0.18119 30.85097
0.79886 30.16740
0.84004 31.08157
1.32595 31.07333
1.63067 30.19211
0.60944 32.15221
1.13653 31.73219
0.68356 33.88171
0.65062 34.01348
0.78239 33.04990
0.96358 33.37109
1.41654 34.50762
1.28477 33.63464
1.58949 33.64287
0.10706 37.82661
0.42002 37.81838
1.56478 37.80190
0.14001 38.22193
0.34590 38.21369
0.32943 38.37840
0.15648 38.98785
0.46120 38.27958
1.02123 37.97485
1.16947 38.75725
1.39183 38.34546
0.01647 40.79970
0.31296 41.16207
0.44473 40.96442
0.66709 41.04677
1.53184 41.08795
1.26006 40.06672
1.07888 16.21611
3.31076 14.12424
3.40958 26.75782
6.72857 37.07716
5.10614 35.81710
8.07923 24.22122
1.39183 13.01242
0.74121 14.56897
0.23884 17.84678
0.14824 19.90571
0.04118 20.44103
0.48591 20.74575
1.16947 20.91870
0.92240 21.42932
1.41654 22.44231
1.58126 23.26588
0.35414 38.57606
1.36713 19.88100
2.14952 19.99630
2.07540 22.85409
2.82485 21.80816
1.86127 23.16705
2.45424 23.12587
3.17075 24.57536
3.22016 26.56016
2.19070 33.65934
2.34718 39.15256
2.28953 38.83137
2.83308 38.94667
2.78367 38.75725
3.01427 38.93020
3.17898 38.11486
3.03074 39.34198
4.85907 3.37664
4.40610 5.24615
3.81313 13.18537
4.48023 13.46538
4.33198 14.79957
4.26610 15.16194
4.38140 15.13723
4.27433 15.31842
3.31899 19.52687
4.23315 23.74355
4.57082 28.68497
3.63195 39.02079
4.39787 38.59253
4.75200 38.19722
4.26610 40.65970
3.51665 21.63521
5.89677 13.77834
5.08967 15.09605
5.79794 25.67071
5.96265 36.08064
5.72382 36.36066
5.99560 36.45948
6.44856 36.66538
6.43209 36.24536
5.64970 38.56783
6.20149 36.65714
8.16982 11.43116
6.73681 12.19709
6.93447 16.86673
7.14860 16.73496
7.11565 21.06694
7.35449 21.13283
7.47802 20.87752
7.37096 21.63521
7.05800 24.30358
6.69563 25.16009
7.04153 26.74958
7.14860 26.75782
8.19453 29.54149
6.72034 30.76861
8.16159 30.48860
6.82740 32.67106
6.99212 32.88519
7.23919 32.87695
7.09095 31.32864
7.26390 31.32864
7.75804 33.27226
6.70387 36.04770
7.59332 34.65586
7.36272 40.92324
7.10742 40.61028
7.55215 40.70087
7.24742 35.09236
6.84387 24.78948
9.06752 14.33837
9.52872 13.70422
8.24394 24.41888
9.69343 32.65459
8.26865 36.68185
9.38047 36.91245
9.09222 39.33375
9.54519 22.82939
9.60284 20.61398
9.30635 20.64692
10.87937 6.67916
10.01462 14.07483
10.22875 16.52907
10.39346 36.65714
11.06879 37.01128
11.13468 10.41817
12.65005 3.22840
12.90536 4.60376
12.00766 9.58637
12.46063 9.01810
12.03237 21.05871
12.55122 21.68462
11.64529 24.04827
12.93006 25.48128
13.10301 32.18515
12.74064 33.11579
12.32886 35.66062
12.83123 36.21241
11.71118 36.31948
12.38651 37.33247
13.07831 36.72303
12.66652 38.77372
13.14419 39.26786
12.79006 16.18317
13.30067 2.62719
13.48186 15.96080
14.77486 20.58104
14.77486 29.47560
14.05836 35.60297
13.47362 36.83009
14.05836 36.83833
14.40426 36.73950
14.20660 36.77244
14.01718 37.89250
14.65956 38.34546
13.67951 40.55263
14.28896 37.48071
16.24082 7.65921
16.03493 21.00929
14.93134 22.90351
15.63138 29.33560
15.45019 32.58870
15.83727 32.76989
15.03017 32.95107
14.86545 36.77244
15.31842 39.11962
15.95257 38.72430
16.20788 39.00432
15.87845 39.99260
16.24905 39.72906
15.91139 39.95142
15.36783 14.69251
17.97032 24.20475
16.59495 26.42015
17.43500 33.65934
17.54206 34.01348
17.43500 34.26055
17.71501 34.30996
18.11032 34.00524
17.64912 36.13006
17.88796 34.95235
17.54206 39.53964
17.87149 18.57152
19.52687 4.14256
18.30798 17.19616
19.74099 27.81199
18.12680 33.93112
18.62094 34.72175
18.91742 38.62548
18.24210 39.78671
18.39857 39.91025
19.25509 39.53964
19.66687 33.74994
19.62569 28.94028
18.79389 29.53325
19.41980 16.56201
20.02101 20.35044
21.25637 21.47873
19.87277 24.09768
19.94689 32.74518
20.07042 34.10407
19.99630 35.33943
19.98807 35.66886
20.64692 34.71351
21.37990 40.47027
20.70457 34.96059
20.59751 25.25068
20.48221 10.02286
20.54809 9.55342
20.60574 2.52836
21.49520 3.20369
22.03876 5.52616
22.68938 11.25821
22.66467 16.40553
21.84934 20.03748
21.61874 25.50599
21.48697 31.09804
21.51991 31.05686
21.85757 31.35334
22.93645 32.66282
21.79992 33.82406
21.97287 34.53233
21.88228 33.84876
22.49172 34.15349
21.47873 34.86176
22.62349 34.77116
22.80468 34.64763
21.75051 36.78891
21.97287 37.29953
21.56109 30.86744
22.05523 11.05232
23.48001 11.85119
24.30358 25.83542
23.25764 28.55320
23.43059 29.99445
23.30706 30.55448
23.69414 32.92637
24.10592 31.88867
23.23294 34.34291
23.85885 34.16172
23.73531 33.03343
26.20603 2.59425
25.66247 13.55598
24.99538 14.83251
26.01661 32.34163
24.83066 35.14177
26.30485 35.90769
26.18955 35.10883
24.71536 36.32771
26.22250 38.69136
25.27539 39.19374
26.14838 39.12785
26.03308 39.07020
26.43663 14.91487
26.97195 16.43024
26.50251 21.03400
26.87312 28.42967
26.49428 30.36506
26.99665 33.20638
26.94724 40.37145
27.72963 40.83265
27.92729 40.10790
26.46133 16.63613
25.67894 18.81860
29.41795 2.01775
28.13318 6.09442
28.88263 7.46979
29.39325 11.25821
28.84145 11.55470
28.53673 14.78310
28.74262 17.29499
29.64032 33.09931
29.48384 33.27226
29.29442 40.52792
29.52502 40.57734
29.45913 39.61376
29.24500 36.87127
28.72615 26.45310
29.62385 17.41029
29.22030 16.25729
30.01092 1.21888
30.45565 14.65133
31.22157 18.30798
30.71920 28.00965
30.24152 32.05338
31.04862 34.02171
32.21809 0.58474
31.55100 4.94966
31.44394 5.03202
32.20162 12.60887
31.92161 30.94156
31.50982 31.65807
32.39928 32.67106
31.94632 39.58905
33.36286 2.98133
34.54880 6.34973
34.45821 9.36400
33.16520 17.25381
33.25579 22.29406
34.57351 32.72047
34.23584 32.58870
33.78288 33.67581
34.07113 36.35242
33.13226 40.88206
34.30173 36.36889
33.16520 16.19964
34.68057 5.87206
34.74646 5.98736
35.24060 6.52268
35.80063 7.45332
34.84529 8.86162
34.73822 9.45459
36.16300 9.59460
35.46296 38.47723
34.77940 6.93447
35.10059 6.31679
36.24536 6.11090
37.15128 9.86638
37.36541 28.29790
37.82661 32.44869
37.61248 32.15221
36.99481 40.64322
36.66538 39.78671
38.18898 9.80049
39.30904 13.59716
39.47375 19.71629
39.51493 19.23862
39.30904 19.27980
37.99956 24.76478
38.18898 25.76953
38.18898 25.75306
39.30080 30.76037
38.69960 31.86396
38.45253 39.01255
38.26310 40.87382
41.00560 12.80653
40.92324 12.60887
40.23144 22.14582
39.72083 30.60390
40.47027 30.19211
41.17031 35.85004
40.87382 35.13354
35.05941 6.00383
41.96094 6.89329
42.05153 7.06624
42.53744 7.00035
42.71862 7.14036
41.40091 9.77579
41.60680 12.91359
42.67744 22.21171
41.73857 28.64380
42.51273 40.79147
41.28561 25.55541
42.75980 1.75421
43.82221 1.87774
43.03158 7.42037
42.98217 10.61583
42.84216 10.80525
42.84216 12.14767
44.12693 13.93482
43.92104 15.12900
48.51656 7.20625
44.57166 4.54611
44.77755 9.24870
44.79402 12.04061
44.53871 17.40205
45.78231 17.22910
44.79402 37.63719
45.32934 38.54312
44.84344 39.88554
45.23051 39.74553
45.83996 19.14802
45.48582 1.63067
46.25998 0.51061
46.49881 5.19673
46.89413 5.77323
47.18238 6.27561
46.35057 6.69563
47.05884 7.60980
47.15767 10.49229
47.26473 15.37607
46.91883 18.51387
47.52828 18.95037
46.63059 21.25637
46.52352 22.74703
46.36704 38.83960
46.49058 38.84784
46.63882 23.49648
47.69299 4.47199
49.34013 3.36841
48.59892 17.35264
48.87893 35.28178
47.77535 38.10663
48.10478 38.04898
48.26949 38.58430
49.05188 40.62675
49.15071 32.12750
48.93658 31.67454
50.13900 1.28477
50.32842 1.32595
50.81433 1.39183
50.51784 9.98992
50.27900 11.82648
49.80957 13.76187
50.18018 13.40773
50.20488 16.65260
50.43548 17.48441
49.44720 24.97067
49.94958 25.55541
50.80609 30.68625
50.22959 35.51238
50.10605 35.11706
50.09782 35.01824
50.55902 35.64415
50.65785 36.06417
49.85075 36.90421
49.84251 36.92892
50.32842 37.76896
49.77663 39.15256
52.14851 4.38963
51.06963 9.67696
51.63790 11.54646
51.44847 17.51735
51.30847 17.34440
51.80261 17.53382
52.09910 18.47270
51.34141 24.54241
51.31670 24.79772
51.25082 28.64380
51.63790 32.56399
51.56377 34.50762
52.28028 34.80411
52.66736 35.74298
52.65912 34.65586
52.47794 34.63939
51.16023 37.13481
51.38259 37.22541
51.86026 36.41007
52.19792 37.12658
52.56030 38.02427
53.65564 4.38140
53.05444 13.00418
53.26033 13.37479
53.73800 13.23478
54.17449 16.99850
53.36740 18.90095
54.05919 19.10685
54.25685 20.72928
54.08390 20.15278
53.83683 33.32168
53.94389 33.40404
53.95213 28.47085
52.99679 18.04444
53.34269 13.09478
53.90272 5.92147
53.02150 4.71906
55.85458 3.28605
55.96988 3.48370
55.79693 9.75932
55.32749 10.23699
55.34397 10.48406
55.97811 11.18409
54.73452 13.33361
54.94042 17.42676
55.09689 18.79389
55.26984 18.64565
55.31102 19.65864
55.97811 26.11543
55.45927 27.98494
55.72281 28.42143
55.62398 35.76768
56.02753 2.00128
57.57584 3.36017
56.57109 6.62975
56.01106 11.06879
56.63697 18.09385
57.22171 19.67511
57.24641 19.42804
57.58408 19.69158
57.16406 25.30833
57.57584 25.76953
56.89228 30.46389
57.64173 34.58174
56.57932 36.22888
58.15234 3.73901
58.72884 14.51956
58.90179 14.71721
57.71585 29.36030
58.91003 40.27262
60.54893 20.06219
59.53594 28.43790
59.94773 35.21589
59.89008 39.49023
60.24421 39.15256
61.04308 0.20589
61.47957 0.46120
61.06778 4.24139
62.27020 17.75619
62.19608 19.95512
62.32785 23.94121
62.42668 23.52942
61.95724 35.25707
63.20907 3.36017
63.22554 8.14512
63.23377 7.84040
64.11500 9.62754
63.89263 15.78785
63.99146 15.40078
63.91734 15.54078
64.16441 15.62314
63.94205 15.20312
63.24201 18.18445
63.12671 25.37422
63.31613 25.49776
63.99146 27.40844
63.42320 35.80063
65.48212 0.80710
64.83150 3.32723
65.69625 14.76663
65.48212 20.65516
65.50683 20.58104
64.76562 22.43407
65.77037 25.67071
64.57620 30.73567
64.69973 33.54404
65.55624 33.09931
66.37982 2.78367
66.37158 2.73426
67.06338 3.98608
66.38805 5.34498
66.91431 6.57045
66.18216 9.83344
67.26104 9.16634
66.19863 16.22435
66.71748 15.56549
65.95979 16.63613
66.20687 19.98807
67.29398 20.09513
66.16569 31.30393
68.66934 6.80270
68.36462 7.74980
68.15873 9.75932
68.79288 8.38395
68.08461 10.73113
68.40580 11.10997
68.78464 11.50529
68.27403 14.37131
67.85401 19.80688
68.44698 23.03528
69.02348 22.19524
67.67282 26.73311
68.28226 27.04607
67.69753 32.04514
68.22461 32.61341
67.96107 31.44394
67.75518 34.12878
68.07637 40.90677
68.33991 40.28085
69.03995 40.37145
70.48943 4.18374
70.30825 7.71686
70.45649 12.91359
70.44826 12.20532
70.32472 18.71153
70.43178 30.72743
72.26835 0.85651
71.79068 7.92275
71.63420 8.12041
71.65891 8.24394
71.22241 11.43940
72.39188 10.36052
72.12010 10.45111
72.02951 12.74064
71.07417 13.19361
71.98010 14.50308
72.10363 14.88193
71.06593 20.85282
71.83185 25.28363
73.05074 0.06589
73.34723 0.19766
73.94020 3.25311
73.82490 3.25311
72.49895 9.55342
73.42135 8.82044
72.75425 10.12992
73.43782 12.64181
74.10491 12.51004
74.03902 11.62882
73.80019 31.04862
74.26139 0.36237
74.73906 3.39311
74.96966 12.09002
75.20026 14.53603
75.55440 14.33837
75.01907 15.36783
74.18727 30.29094
74.64847 29.68973
75.58734 30.57095
75.23320 39.95966
75.77676 4.42258
76.29561 4.58729
76.57562 8.59808
76.58386 21.58579
77.16859 31.33687
76.76504 32.95931
77.73686 2.94838
78.63455 2.69308
78.48631 2.99780
79.04634 2.95662
78.96398 2.89073
77.59685 4.92495
78.97221 7.15683
77.62979 8.36748
77.92628 8.31807
77.95099 8.25218
78.09099 8.24394
78.42042 8.77103
78.70044 9.76755
77.88510 11.22527
78.79103 10.87114
78.29689 18.08562
77.66274 18.19268
78.00864 18.59623
78.42042 18.24210
78.84044 19.12332
78.48631 41.12913
80.21581 0.45296
80.61936 0.98005
79.69696 9.11693
80.45464 17.95385
79.35929 18.91742
80.49582 18.25857
79.21929 22.82939
79.16164 23.36471
79.40871 28.43790
81.38528 1.29301
81.57470 1.52361
81.24527 7.37920
80.91584 13.51480
82.05237 16.23258
82.02766 29.39325
82.11002 29.65679
80.99820 32.90166
0.00000 6.16855
0.23060 15.12900
0.95534 17.69030
0.07412 20.98459
0.71651 20.66339
0.42826 22.68114
0.02471 26.36250
0.41179 30.90038
0.70004 29.82150
0.19766 32.62164
0.59297 32.43222
1.43301 32.80283
1.57302 32.41575
0.49414 34.20290
0.56826 33.08284
0.51885 33.33815
0.53532 35.02647
0.71651 34.71351
1.82833 6.19325
2.81661 5.86382
1.82009 15.08782
2.07540 16.52907
1.94363 20.16925
2.75896 19.83159
2.59425 24.27887
2.71778 24.39417
2.84132 24.98714
1.66361 28.88263
1.81186 28.89087
2.11658 30.53801
2.25658 30.59566
1.69656 31.93808
2.53660 31.60042
2.62719 31.71572
1.77068 36.76421
2.75896 36.73126
2.35541 38.72430
3.25311 39.13609
26.60134 40.03378
26.49428 41.06325
4.45552 2.72602
4.75200 9.90756
4.11785 14.26425
4.23315 18.78565
4.13433 19.69982
4.06844 20.42456
4.07668 29.68150
4.25786 30.26623
4.48023 32.32516
4.61200 32.39928
3.64842 36.43478
3.57430 33.37109
4.86730 4.79318
5.22144 0.39531
5.31203 0.24707
5.59205 3.46723
5.69087 21.15754
5.86382 21.72580
5.70735 25.62953
5.74029 25.55541
5.66617 26.41192
5.97912 26.85665
6.34150 32.58870
6.15207 36.40183
5.03202 38.56783
4.96613 40.55263
5.22144 40.99736
5.41910 40.70087
4.97437 0.40355
7.88157 11.48881
7.04153 11.62059
7.06624 21.28931
7.06624 26.82370
7.00859 27.00489
8.21924 27.30961
6.62151 31.25452
8.21100 29.67326
6.63798 31.75689
7.04977 33.74170
6.71210 36.13006
20.70457 36.73950
20.29279 25.16009
8.96869 15.63138
9.85814 15.47490
9.75932 15.42548
9.85814 15.03017
9.63578 24.75654
8.78750 28.38849
9.38047 28.75910
8.86986 30.28270
9.55342 31.10627
9.05104 31.93808
9.32282 32.23457
8.58984 35.27354
9.43812 35.39708
9.35577 36.22888
8.46631 36.89598
9.07575 39.25963
9.92403 14.30543
10.69819 16.19140
10.36052 19.20567
10.45111 19.30450
11.23351 18.55505
10.45935 27.39197
10.40170 29.91210
11.01114 30.52154
9.96521 31.35334
10.01462 31.40276
10.22052 31.49335
10.38523 32.53105
10.54994 31.98749
10.76407 31.31217
10.87937 32.88519
10.32758 36.17123
10.96173 35.85828
10.00639 37.11011
11.52999 35.19942
12.58416 4.75200
11.99119 9.70990
11.84295 10.72289
13.07831 16.42200
12.79006 16.99850
11.64529 19.01625
13.01242 30.80155
12.41121 34.54880
12.27944 34.60645
12.42769 35.98181
14.55250 3.98608
13.75363 6.29208
14.00894 6.61327
14.43720 7.32155
13.33361 11.31586
13.23478 16.47965
14.76663 21.47873
14.50308 32.62164
13.43244 34.64763
14.39602 35.71827
14.00894 37.29129
14.65133 37.53013
13.63010 40.79970
15.80433 0.60121
15.60667 19.74923
16.43848 27.95200
15.21135 29.12147
14.87369 32.17692
16.18317 31.75689
16.37259 31.72395
14.89016 35.19942
15.44195 34.91117
15.00546 36.87951
15.26900 37.53013
16.45495 40.49498
16.24905 27.91905
16.50436 1.47419
17.79737 4.43905
16.70202 9.59460
17.58324 17.73972
17.74795 17.64912
16.55378 19.37039
17.36087 19.15626
17.72325 19.04096
17.77266 18.82683
17.77266 18.64565
17.69854 33.14873
16.56201 36.22065
16.51260 39.85260
18.42328 3.18722
19.75747 5.69087
19.65040 5.58381
18.13503 18.91742
18.14327 18.97507
18.18445 19.65864
19.24685 18.23386
18.23386 24.83890
19.47745 31.28746
18.52211 34.36761
18.90095 34.56527
19.29627 34.47468
18.19268 34.97706
18.45622 35.71827
18.57152 35.15824
19.20567 34.78764
19.12332 36.22888
18.87625 36.56655
18.41505 38.63371
18.17621 35.21589
19.92218 4.08491
20.99282 3.59077
20.06219 5.04849
20.30926 5.13908
20.11160 6.86035
19.78217 9.15811
20.44103 9.84991
20.58104 9.80873
20.46574 9.89932
19.96336 15.76315
20.10337 18.94213
20.98459 24.27887
21.11636 26.28838
21.04224 25.28363
21.37167 25.12715
21.39637 27.17784
20.06219 33.01696
19.78217 33.74994
21.11636 33.53581
19.88100 35.47120
21.89875 2.55307
22.30230 11.07703
22.58231 11.39822
22.82939 11.50529
22.53290 17.04792
21.78345 22.14582
22.04699 22.35171
21.64344 24.72360
21.49520 27.63904
21.45402 34.42526
21.73404 37.27482
22.58231 35.07589
22.77174 20.74575
22.10464 2.83308
23.06822 18.89272
23.07646 18.99155
23.08469 27.14490
23.71061 29.39325
23.89179 32.80283
23.67766 35.15824
23.81767 40.97265
24.56712 40.64322
25.18480 8.35924
25.20951 12.36180
24.94596 16.08434
25.55541 15.46666
26.25544 10.68995
27.09548 8.31807
27.18608 11.41469
27.21902 11.68647
27.72963 11.89236
27.56492 21.33049
27.67198 24.22122
27.63080 25.84366
26.79076 27.99318
26.84018 33.15696
27.99318 34.49939
27.97670 34.61469
27.97670 34.60645
27.86964 34.58998
26.37898 37.71131
27.01313 37.00304
27.09548 36.91245
27.33432 36.80538
27.92729 37.31600
29.44678 14.19672
28.14965 16.80085
28.31437 17.78090
29.57443 17.67383
28.10024 23.24117
29.45913 26.87312
28.89087 29.46737
28.58615 34.07936
28.04259 34.68881
28.13318 34.68881
28.06730 34.93588
28.34731 35.45473
29.64855 35.45473
29.39325 34.92764
28.52026 36.34418
29.45913 39.27610
28.17189 6.62316
30.05210 0.38708
31.28746 4.70259
30.94979 5.88030
29.74738 17.82207
29.98622 24.37770
29.78856 24.72360
31.19687 30.16740
32.05338 25.93425
31.75689 27.94376
32.02867 27.75434
32.22633 29.06382
31.33687 34.02171
33.98054 2.01775
34.07936 3.48370
33.70876 16.36435
33.61816 16.33965
33.48639 14.94781
33.18991 18.50564
34.46644 24.74831
32.95107 32.21809
33.79111 35.28178
34.25231 36.25359
33.02519 41.02207
33.26403 41.14560
35.20766 3.66489
35.19119 6.30855
35.05118 5.75676
35.67709 7.04977
36.12182 6.63798
36.08064 14.09953
34.85352 24.49300
35.42178 23.65296
35.07589 36.54184
35.34766 36.25359
35.15824 38.65842
35.83357 38.09015
37.83485 7.93099
37.11834 8.96045
37.31600 33.24756
37.09363 33.32991
37.43953 33.60169
37.79367 33.58522
37.85132 33.46169
37.68660 33.37109
37.74425 33.15696
37.73602 33.13226
36.43478 40.61028
39.38316 0.79063
38.60900 11.41469
38.15604 11.99943
38.79019 12.84771
38.67489 17.57500
39.47375 27.14490
39.03726 32.95931
38.41135 34.16172
38.93020 33.57699
39.13609 33.67581
40.41262 2.17423
39.62200 9.90756
39.96790 16.65260
40.45380 18.06915
40.84912 20.01277
41.15384 25.75306
40.00907 27.38373
40.75029 29.20382
40.42910 29.27795
40.94795 28.92381
39.93495 30.03563
39.60553 30.41447
39.98437 29.96151
40.47027 29.98622
40.47027 30.34035
40.60205 35.65238
40.47851 37.19246
41.31855 9.66049
41.91976 12.61711
42.52097 12.31239
42.73509 11.95825
41.26090 17.93737
41.27737 25.76953
41.26914 28.37202
41.51621 28.94028
42.34802 11.55470
43.14688 0.28001
43.83044 0.59297
44.37400 2.65190
44.01163 5.97089
42.95746 7.40390
43.11394 7.74980
43.14688 12.12296
44.44812 12.79829
44.27517 12.31239
44.25870 18.99155
43.35277 21.34696
43.37748 32.43222
43.59984 39.03726
42.90804 9.50401
44.88461 1.35066
45.61759 0.91416
44.59636 2.49542
45.04933 2.01775
44.95874 4.57905
45.06580 4.90848
45.11521 3.85431
45.68348 4.85083
45.65877 4.66965
45.51876 4.83436
45.85643 4.90025
46.05409 4.65318
45.81525 4.72730
46.10350 3.68136
44.61284 6.10266
45.02462 5.18850
45.32934 5.06496
45.66701 5.27909
45.65877 5.20497
45.68348 5.18026
45.69995 5.42733
44.56342 12.97948
44.54695 20.91047
45.27169 20.69634
45.23051 20.72928
44.93403 20.51515
46.09526 21.24813
45.88114 21.05871
46.04585 25.24245
46.17762 5.27909
46.28469 5.14732
46.43293 5.66617
46.49881 5.37792
46.25174 5.78147
46.58117 5.47675
46.63059 5.70735
46.92707 5.45204
46.68000 5.57558
46.48234 10.54171
46.86118 11.52176
46.84471 11.17586
47.04237 14.70074
46.63059 17.27028
47.14120 18.89272
47.05061 18.61270
47.37180 19.41157
47.45416 18.59623
46.25998 21.42932
46.83648 21.50344
47.10826 22.75526
47.14120 22.68114
47.47886 28.89087
46.77059 34.08760
46.55646 37.63719
46.81177 37.65366
48.24478 0.30472
48.57421 6.69563
48.25302 14.29719
47.79182 18.71977
48.08831 18.82683
48.29420 18.90095
48.83776 35.60297
48.68128 35.83357
50.57549 1.47419
49.71074 1.74597
50.78138 23.00234
49.87545 36.07241
50.43548 35.72651
50.73197 35.86651
50.27900 36.27006
51.56377 3.64842
52.34617 6.47327
52.25557 9.02634
52.04145 18.66212
52.31322 19.32921
51.95909 21.28107
51.82732 22.60702
51.49789 21.60227
52.30499 30.10975
52.00027 32.30869
52.31322 32.40752
52.18969 34.19466
52.32970 34.12054
52.55206 34.63116
51.36612 37.01951
51.77790 36.24536
52.19792 34.03819
52.94737 3.78843
53.72153 6.16031
52.73325 11.71941
53.12032 11.86766
53.37563 17.78913
53.46622 16.90791
53.59799 16.96556
54.20744 17.18792
54.33921 19.32097
54.24038 18.37387
53.68035 20.10337
52.87325 29.03087
53.13680 30.20858
54.25685 30.99921
53.21092 35.33119
55.65692 3.22016
55.94517 3.45076
55.89576 3.37664
55.97811 9.52048
55.95341 10.92055
54.91571 12.01590
55.10513 14.22307
54.75099 17.31970
54.58628 18.92566
55.32749 19.30450
55.47574 19.10685
55.01454 25.34951
54.77570 3.66489
56.61226 0.74121
56.08518 1.88598
56.02753 6.07795
56.02753 9.89109
56.32401 10.98644
57.25465 26.62605
59.22298 6.67092
58.60531 14.73368
58.67943 14.45367
58.93473 14.89840
59.06651 14.88193
59.07474 14.90663
58.10293 18.57152
59.28063 21.33049
57.75703 26.38721
58.12763 35.75121
58.22646 35.41355
60.04656 1.34242
59.33828 4.34845
60.89483 4.75200
59.76654 6.85211
60.39245 18.93390
60.92778 20.07866
60.76306 19.78217
60.05479 21.48697
61.78429 7.28860
61.70193 14.44543
61.22426 15.91963
61.36427 16.12552
61.24073 18.95860
62.06430 18.54682
61.16661 19.84806
61.04308 20.20219
61.07602 20.26808
61.52075 21.35519
61.68546 26.32956
61.89959 26.21426
62.15490 26.08249
61.96548 26.60134
62.07254 26.42839
62.78905 0.68356
63.13495 0.72474
64.00793 0.87299
63.80204 2.62719
63.74439 2.52836
64.16441 2.80014
64.23030 2.80838
64.12323 2.66013
63.39849 4.38140
62.62433 7.20625
64.17265 7.06624
64.19735 11.85119
63.85969 17.94561
64.09029 17.43500
63.70321 18.20915
62.69022 32.60517
63.95028 31.71572
64.54325 6.16031
64.28795 9.72637
64.99622 9.78402
65.42447 10.02286
65.58095 10.31111
65.08681 12.46886
65.80332 12.93830
65.65507 12.60063
65.04563 13.67128
65.38329 17.56677
65.36682 17.41029
65.48212 17.36911
65.59742 17.08910
64.34560 19.23038
65.53154 18.79389
65.86097 18.90095
65.87744 25.62953
65.44094 28.29790
65.23505 29.00617
64.52678 31.94632
64.68326 31.83925
64.66679 31.68277
65.18564 31.51806
65.10328 31.64159
65.11152 32.83577
65.75390 32.75342
65.78684 32.20162
65.23505 33.15696
65.31741 33.32991
65.42447 33.28050
65.45742 33.37109
65.67978 35.17471
65.91862 1.59773
66.25628 2.84132
66.09980 3.17075
66.79984 2.35541
67.39281 3.26958
67.43399 3.19546
66.29169 3.33793
66.23981 4.89201
66.56924 4.23315
66.48688 4.15903
67.46528 3.37335
65.96803 5.27085
66.62689 5.18850
66.18216 6.94270
66.97279 6.85211
67.16221 6.91800
66.05862 13.83599
66.33040 16.25729
67.25280 16.28200
67.40928 16.40553
66.23981 16.52083
66.14922 17.62442
66.19863 17.52559
66.37982 18.05267
66.59394 16.71025
66.91514 16.77614
67.00573 17.03145
66.92337 17.56677
67.20339 17.62442
67.16221 16.93262
67.17044 16.51260
66.47041 19.07390
66.30569 18.72800
66.79160 18.98331
66.98926 19.23862
67.07985 19.16450
67.09632 18.97507
67.03044 19.00802
66.67630 27.62257
66.65159 27.08725
67.13750 26.97195
65.97627 32.41575
66.00921 32.43222
66.05039 32.33339
66.34687 31.59218
67.02220 32.32516
67.17868 31.73219
67.22809 31.86396
67.42575 32.11103
67.35163 31.67454
68.89994 0.09883
68.99054 0.36237
68.68581 8.05452
68.62816 11.75236
68.72699 12.76535
68.92465 12.17238
67.69753 15.84550
67.79636 15.86198
67.57399 16.38906
67.63988 16.40553
67.96931 15.92786
68.08461 17.26205
67.99401 20.06219
68.09284 26.12367
67.79636 26.70840
67.93636 27.06254
67.73871 27.32608
68.30697 27.08725
68.07637 26.75782
68.19167 26.74135
68.23285 26.60958
68.54581 39.54788
68.86700 40.21497
69.46821 5.64970
69.43526 8.96045
69.49291 8.83692
69.33644 9.27341
69.57527 9.46283
69.45997 9.70167
70.29178 8.48278
70.62944 8.34277
70.07765 23.68590
70.81063 27.64728
70.43178 28.25672
70.48120 10.63230
72.13658 0.83181
71.50243 8.24394
72.34247 11.06879
71.38713 14.21483
72.35894 14.23954
70.87651 25.13538
71.14829 27.66375
72.01304 26.28838
72.08716 25.58835
71.42007 27.04607
72.07069 29.71444
79.38400 28.19083
79.37576 28.42143
73.40488 0.09883
73.23193 2.45424
73.40488 2.45424
73.87431 1.92716
73.00956 4.99908
73.52018 5.39439
73.57783 5.36968
73.80019 5.54263
72.90250 7.42861
73.74254 7.86510
73.85784 7.65921
73.67665 8.52396
72.51542 10.67348
72.73778 10.91231
73.67665 11.05232
73.46253 12.71593
73.96490 12.07355
72.51542 13.33361
72.77896 13.72893
73.12486 13.53951
73.91549 18.51387
73.76725 28.56967
74.96966 2.38836
74.17903 5.48498
75.01084 7.70862
74.23668 11.72765
74.46728 12.25474
75.76029 15.81256
75.53792 20.30926
75.57910 30.52977
74.29433 37.06069
75.42262 4.14256
77.15212 3.17898
75.80147 4.42258
76.35326 4.66141
76.09795 4.94966
77.23448 5.07320
76.96270 12.51828
76.05677 14.74192
75.95795 15.40901
77.14389 16.15846
76.82269 17.12204
77.11094 17.73972
77.12742 17.32793
77.26742 17.03968
77.30037 16.76790
77.12742 18.72800
76.64151 38.72430
76.98741 39.24315
77.83569 3.24487
79.03810 2.73426
77.58862 4.75200
78.09099 3.51665
77.86863 7.58509
77.85216 6.60504
78.02511 13.90188
77.72039 14.81604
77.59685 15.66432
77.50626 17.44323
77.81922 17.38558
78.14041 17.86325
78.01687 17.39382
78.20629 16.93262
78.01687 16.92438
78.06629 16.81732
78.19806 16.56201
78.26394 17.11380
78.65102 17.21263
78.56043 17.15498
78.54396 17.73972
78.96398 18.22562
78.74985 22.79644
77.85216 31.84749
78.23100 17.31970
77.50626 6.29208
80.27346 9.52048
79.17811 17.74795
79.21105 18.60447
79.40871 19.98807
79.21105 19.89747
79.96050 26.78253
79.83696 32.79459
80.40523 32.67106
80.56994 32.48164
80.65230 32.42399
80.12521 33.30521
80.14992 33.60169
80.70171 33.77464
80.50406 33.78288
80.35581 33.51934
80.69348 33.60993
80.60289 33.44521
80.36405 2.78367
80.80054 2.11658
81.50881 2.68484
81.92060 5.18026
81.78059 13.58068
81.62411 14.61015
82.26650 15.91963
82.14296 19.74099
80.75113 32.62988
1.62243 5.87206
0.31296 40.65146
0.98829 40.73382
0.08236 40.78323
2.40483 6.16855
1.85303 20.51515
2.42953 20.45750
2.62719 21.91522
2.27306 26.49428
2.25658 26.55193
2.29776 26.60134
2.69308 26.90606
2.86603 29.13794
1.97657 38.94667
2.22364 23.04351
4.01079 4.77671
4.15080 4.27433
4.15080 14.37955
3.82960 15.81256
4.02726 15.77138
4.23315 15.62314
4.55435 18.66212
4.10138 20.39162
4.86730 22.31877
4.55435 23.65296
3.36017 26.81547
4.09315 27.74610
4.01079 27.56492
4.43905 27.26020
3.33546 28.47908
3.60724 28.49555
4.41434 28.15789
3.91196 29.78032
4.87554 32.03691
3.34370 33.16520
3.69783 39.20198
4.01079 39.73730
4.57082 39.59729
4.69435 39.72906
3.74725 29.36030
4.96613 0.24707
5.12261 0.23060
5.13085 0.46120
5.25438 0.48591
5.16379 14.52779
5.30380 15.57373
5.46851 23.05999
6.13560 22.54937
6.45680 24.14710
5.30380 26.70840
6.48974 29.99445
5.23791 32.10279
5.95442 41.14560
5.84735 18.61270
7.83216 2.76720
8.02158 8.20277
7.31331 27.14490
6.91800 30.48860
7.03330 37.90897
8.02158 39.61376
8.32630 8.02982
8.97692 8.40866
9.58637 15.64785
8.38395 36.09711
8.80397 35.71827
8.71338 36.56655
9.37224 37.11834
8.86986 32.05338
9.90756 8.54043
10.82996 8.55690
10.31111 19.74923
9.97344 36.96186
12.80653 16.25729
12.73241 16.21611
13.10301 15.73844
12.18061 30.29094
12.55946 32.67106
12.76535 32.02044
13.10301 38.19722
14.21483 2.56954
14.25601 15.75491
14.36308 35.49591
13.95129 38.62548
14.14895 40.66793
13.18537 32.79459
15.81256 0.09883
15.77962 20.52339
15.73844 20.61398
15.85374 20.98459
16.29023 21.21519
16.09258 20.56457
16.05963 26.80723
15.63961 36.14653
15.74668 36.01476
15.10429 36.12182
17.88796 9.39694
17.22087 16.88320
17.62442 17.06439
17.87149 17.00674
17.78913 18.68682
17.91267 18.74447
17.89620 18.76918
17.28675 38.05721
17.73148 17.58324
17.35264 17.68207
17.63265 3.80490
19.41980 6.48974
20.08689 10.40170
20.72928 36.62420
20.96812 37.48895
21.05047 37.43953
21.26460 36.92068
20.10337 39.37493
20.51515 38.13957
20.64692 36.70656
20.89399 28.84145
22.58231 10.50053
22.53290 10.31934
23.01881 10.64877
21.84110 22.49996
21.95640 37.43130
22.16229 36.94539
21.50344 40.13261
21.56109 36.76421
24.65771 9.80873
23.40589 30.22505
24.37770 34.12878
24.41064 41.17031
23.57060 19.33745
26.13191 18.57152
25.55541 39.75377
26.32133 37.91720
25.72836 36.24536
27.50727 4.09315
27.60610 9.23223
27.39197 37.53013
26.91430 38.02427
27.73787 37.93368
27.32608 36.87951
27.29314 35.21589
28.99793 5.64970
28.42143 27.52374
28.53673 29.31089
28.43790 29.19559
28.23201 30.52977
28.16613 30.48860
28.35555 30.85097
28.58615 30.40624
28.53673 33.79935
28.44614 35.54532
29.05558 35.43002
28.68497 37.52189
28.56967 36.68185
28.70145 37.00304
28.90734 36.61596
29.17088 36.41007
29.39325 36.25359
29.52502 37.89250
28.72615 39.63023
31.05686 0.14001
29.83797 39.72906
31.18863 32.86048
32.44046 14.28072
31.74866 17.17145
31.60865 29.66502
32.80283 30.15093
31.74042 32.19339
32.84401 37.01128
34.43350 9.36400
35.27354 5.86382
34.78764 6.66269
35.12530 6.90976
35.28178 6.90152
35.76768 6.61327
35.80886 7.60980
35.84181 6.67916
35.94887 6.78622
35.99005 9.73461
36.13829 14.31366
35.21589 35.15824
35.92416 35.81710
35.39708 38.47723
37.28306 7.47802
36.26183 15.20312
37.71955 32.81107
37.87603 32.91813
37.55483 32.51458
36.80538 33.75817
37.86779 32.97578
37.48895 33.74170
36.31124 14.98075
36.73126 12.86418
37.62895 8.21100
38.18898 9.03457
38.42782 8.97692
38.92196 13.06183
39.35022 13.02889
38.79019 13.21008
39.10315 13.35008
39.48199 19.76570
39.35022 29.64032
38.83137 29.95327
39.22668 32.75342
37.96662 33.05814
39.37493 34.17819
38.60900 36.97010
39.72083 13.02889
41.07148 13.94306
39.69612 19.68334
39.78671 19.60922
40.10790 19.70805
40.23967 27.35903
40.76676 31.92984
40.96442 38.13957
41.12090 8.21924
42.70215 2.01775
41.36797 10.17934
42.14212 10.54994
41.75505 13.60539
41.96094 13.35008
42.24095 13.35832
42.38096 13.47362
42.52920 15.41725
42.22448 28.49555
42.71862 30.50507
42.47155 29.83797
42.79274 38.96314
41.21149 40.47851
44.19282 3.03074
43.23747 9.65225
43.92104 13.89364
44.42341 14.34661
43.55867 15.75491
43.95398 15.94433
44.20105 37.77720
44.41518 37.49718
44.32459 37.53836
43.57514 37.93368
43.95398 31.39452
45.39523 1.29301
45.65054 4.87554
45.46935 4.96613
45.63406 5.38615
45.46935 6.56386
46.07879 20.97635
45.61759 24.04827
45.27169 36.66538
44.93403 36.83833
45.23875 36.82186
45.74113 16.43848
46.21056 4.78495
46.86942 7.92275
46.16939 12.19709
46.30939 12.39474
46.15291 11.59588
46.27645 11.00291
48.43421 17.22087
48.26949 21.52814
48.65657 33.26403
49.71898 6.35797
50.41901 18.06091
49.93310 32.98402
49.51308 36.63243
50.31195 36.73950
50.25430 7.28037
52.25557 34.30996
51.19317 38.04074
54.24038 18.99155
52.78266 21.82463
54.34333 28.72204
54.19920 12.98771
55.78046 11.30763
54.40509 12.62534
54.66864 17.20440
54.96512 19.59275
55.47574 18.46446
55.32173 18.25115
55.38514 18.67859
55.37691 19.10685
55.71457 18.68682
54.80041 14.00894
56.07694 10.94526
56.20048 10.75584
57.30406 14.96428
56.02753 17.92090
57.41113 25.93425
57.62526 25.32481
57.22171 29.47560
56.82639 30.40624
58.97591 3.59900
57.70761 25.54717
58.28411 26.29662
58.54766 25.20951
60.52423 5.19673
60.88660 6.11090
59.30534 14.57721
60.27716 16.85026
60.45010 16.89968
60.19480 18.99978
60.39245 21.47873
60.60658 25.12715
60.79600 25.27539
60.68894 39.09491
62.22078 1.37536
60.99366 4.09315
62.42668 29.70620
62.17137 29.00617
62.67375 0.17295
62.64904 4.56258
63.77733 7.39567
62.65727 18.03620
63.17612 17.84678
63.81851 16.89968
63.50555 17.31970
63.85145 17.83031
64.22206 17.77266
63.94205 17.65736
64.53502 1.15300
64.27147 2.64366
65.17740 2.71778
65.72096 14.91487
64.43619 17.45147
64.79856 16.99027
64.97974 17.14675
65.15269 17.38558
65.24329 17.56677
65.07857 17.96208
65.65507 18.96684
64.78209 31.40276
65.29270 33.47816
66.07509 1.55655
66.65159 3.18722
66.56924 2.77543
66.33864 1.67185
66.83278 2.42130
66.77513 2.56131
66.41276 4.32375
66.85749 14.72545
67.02220 14.91487
66.40452 25.17656
66.37158 24.98714
66.79160 26.70017
67.07162 30.19211
67.44222 31.15569
66.70924 31.85572
67.05514 31.52629
67.01397 31.80631
67.30221 31.78160
66.94808 29.15441
67.87048 3.14604
67.68929 5.09790
68.27403 5.09790
67.68929 7.13212
68.15873 11.20056
68.15873 10.64054
68.81759 16.05140
68.04343 21.53638
68.05990 21.70109
69.11407 21.68462
67.57399 28.56967
67.58223 31.30393
68.68581 32.95107
68.94112 39.97613
68.33991 16.40553
69.64116 4.21668
69.45173 7.86510
69.79763 7.63450
69.87999 7.68392
69.92117 7.44508
69.71528 7.37096
70.18471 7.42037
70.15177 7.46155
69.33644 8.25218
69.56703 9.39694
69.25408 12.13120
69.57527 22.45054
69.87999 21.54462
70.04471 22.63996
69.34467 23.18352
69.43526 29.31089
70.17648 7.36272
69.45173 7.38743
71.35418 1.13653
72.21893 14.73368
72.37541 14.34661
71.00828 26.39545
71.30477 26.77429
71.70008 32.48987
71.63420 26.54369
73.77548 3.14604
73.65195 4.03550
72.77073 20.13631
73.73430 7.52744
73.93196 2.20717
74.45081 0.96358
75.39792 1.63891
75.57910 0.88122
74.35198 4.30728
75.66970 4.81789
74.89554 9.65225
75.69440 8.35101
75.50498 10.55818
75.63675 12.18061
75.06025 0.70827
76.57562 1.96010
76.89682 16.84203
76.80622 17.24557
77.17683 17.74795
76.00736 0.61768
78.74161 6.21796
78.71691 5.58381
77.42390 8.29336
77.81098 17.69854
77.84392 17.28675
78.86515 16.90791
78.09923 23.57060
78.91456 31.30393
78.34630 23.47177
80.53700 17.78913
80.59465 18.61270
80.51229 30.06857
80.15816 33.05814
79.97697 10.28640
80.89113 17.73972
81.91236 16.70202
80.84996 18.38210
81.76412 19.97159
81.95354 23.58707
82.25826 29.59090
81.60764 32.36634
81.03938 34.07936
80.74289 34.45821
0.57650 2.27306
1.38360 14.47014
0.96358 22.40936
0.62591 34.54880
0.02471 41.05501
0.46120 40.59381
5.22144 24.84713
4.97437 25.34128
4.94966 25.47305
5.28733 25.51423
6.39915 25.33304
0.52709 22.16229
0.46944 22.55761
1.73773 17.39382
2.01775 17.36087
2.47895 17.12204
2.17423 30.70272
2.68484 35.88298
3.18722 40.93971
3.15428 41.02207
18.03620 20.27632
18.09385 18.71977
18.09385 18.65388
35.57003 7.46979
36.22888 9.89109
36.75597 7.95570
37.52189 7.23919
37.02775 12.27121
39.20198 13.23478
22.01405 33.74994
4.52964 0.60121
4.54611 0.77416
4.76024 0.23884
3.76372 1.73773
3.72254 4.54611
3.99432 4.71906
4.27433 4.39787
4.13433 4.71906
4.18374 4.76024
4.40610 4.73553
4.28257 15.34313
3.92843 20.00454
4.29080 25.49776
4.52140 25.25892
4.26610 25.53893
4.48023 25.90954
4.24963 26.16485
4.54611 25.30010
4.84260 25.48952
4.46375 28.59438
4.59553 32.17692
4.55435 32.26751
4.82613 32.19339
4.83436 32.06162
4.80142 31.95455
4.06020 36.60773
3.49194 38.49370
3.82137 40.42910
4.14256 20.21867
4.18374 15.85374
3.40958 13.16066
4.03550 4.80142
4.96613 0.09883
4.99908 0.07412
5.14732 0.37884
6.19325 6.28385
5.13085 22.57408
5.17203 25.55541
5.03202 31.50159
4.98260 31.55924
5.14732 31.55100
5.26262 31.69101
5.04025 31.78984
5.01555 31.83102
5.03202 31.85572
5.33674 32.02044
5.27085 31.97926
5.23791 31.78160
5.13085 31.70748
5.09790 32.39104
5.36968 32.06985
5.48498 31.67454
5.61675 31.47688
5.60852 31.51806
5.68264 31.55100
5.89677 31.63336
5.99560 31.75689
5.11438 40.59381
5.45204 41.05501
5.63323 23.74355
6.16855 22.39289
7.11565 19.09037
8.02158 20.55633
7.38743 23.54589
7.84040 24.18828
6.88505 24.82243
7.18977 27.08725
6.89329 7.80745
9.35577 12.18885
9.54519 22.69761
8.61455 23.33176
9.29812 23.08469
9.15811 23.61178
9.50401 24.42711
9.57813 24.04003
9.74284 24.10592
9.77579 24.83890
9.60284 27.64728
9.32282 30.04387
9.56989 31.22981
9.08399 31.48512
4.70259 32.09456
9.93227 24.23769
10.23699 24.50123
11.83471 9.40518
14.47014 6.29208
33.04166 17.13851
15.68903 3.27781
14.90663 6.63798
15.79609 21.88228
15.99375 31.76513
15.43372 35.86651
16.41377 38.66665
18.68682 17.91267
16.08434 20.33397
15.10676 35.43579
15.88668 7.74980
17.02321 2.86603
17.13027 17.70677
18.03620 17.30322
18.01973 19.55981
17.78913 20.29279
17.91267 24.43535
16.69378 39.12785
17.18792 37.90073
17.36911 39.20198
18.96684 0.31296
19.24685 0.58474
18.91742 17.97855
18.15150 19.18097
19.55157 18.87625
19.75747 21.95640
18.18445 27.51550
18.50564 28.73439
19.23862 34.25231
19.30450 34.75469
20.10337 1.02946
20.63045 1.54831
21.32225 0.47767
20.48221 2.00128
20.38338 19.47745
20.91870 24.90478
20.16102 29.30265
20.60574 33.69229
19.96336 35.52061
20.17749 35.79239
20.76222 35.14177
20.70457 35.78416
20.77046 36.13829
20.95164 35.86651
21.09165 36.15476
21.05047 35.05941
21.08342 36.33595
20.64692 38.24663
21.54462 8.90280
21.63521 29.36854
22.12935 29.45090
22.58231 29.53325
22.35995 33.01449
68.61169 26.85665
24.23769 5.28733
23.81767 32.67929
24.01533 34.42526
23.03528 20.25984
29.80503 30.99921
39.86083 7.42861
25.53893 8.98516
24.77301 13.56421
25.50599 15.31842
25.22598 34.16172
26.29662 33.86524
28.17436 32.92637
28.34731 34.25231
28.37202 34.40056
29.13794 33.42874
25.50599 39.41610
26.18132 38.90549
27.35079 31.44394
27.83670 32.92637
27.48256 33.79111
26.59310 34.96059
27.40844 38.67489
48.92011 16.29023
77.06153 17.39382
81.09703 33.56051
28.89910 7.76627
28.10848 11.34881
28.06730 14.38778
28.19907 35.69356
29.44266 34.64763
31.27922 3.50841
29.88739 16.45495
30.38153 22.80468
30.35682 29.21206
30.01092 31.90514
53.70506 30.35682
32.91813 24.98714
33.83229 14.56073
33.74994 16.42200
33.58522 32.39104
33.61816 34.96882
34.62292 6.07795
34.91941 6.48150
34.95235 6.53915
35.07589 6.79446
35.55356 7.06624
35.64415 7.70862
34.76293 13.35008
35.33119 14.63486
35.34766 14.58544
35.34766 23.49648
36.03123 41.01383
36.45948 7.27213
36.84656 13.11948
36.36889 14.02541
37.70390 23.68919
37.68660 23.43059
66.55277 2.37188
65.91038 2.26482
39.23492 30.83449
38.82313 33.32168
39.14433 33.51110
45.69171 31.60042
66.22334 19.37862
67.15397 31.56747
42.75980 0.52709
41.51621 17.36087
42.78451 19.23862
41.77975 28.02612
61.47957 25.62953
43.32807 9.38047
43.22100 13.89364
43.20453 15.87021
45.33758 1.52361
45.33758 4.40610
45.40346 4.59553
45.30464 5.23791
45.99644 5.16379
44.59636 11.08526
46.04585 12.29591
44.77755 15.84550
45.48582 19.93042
45.65877 20.11984
46.03761 22.28583
45.77407 31.10627
46.21880 5.06496
47.45416 4.26610
46.97648 8.99339
46.13644 21.06694
46.30939 24.67418
47.45416 33.26403
46.72941 40.29732
48.22831 16.20788
48.31067 15.45843
48.15419 17.74795
48.08831 22.02229
49.33190 24.74007
49.29072 26.74958
48.45891 39.44081
50.48490 9.13340
50.88021 12.46063
50.87198 35.66062
52.42852 9.21576
51.89320 12.89712
51.43200 14.77486
51.33317 17.56677
51.76967 22.03052
51.11081 26.65075
51.31670 34.64763
51.50612 35.70180
51.61319 35.73474
51.95909 35.75945
51.81085 36.48419
51.93438 36.26183
52.77442 4.10962
53.09562 4.67788
53.15327 12.94653
53.10385 13.58068
52.84855 18.83507
52.81560 18.86801
53.32622 27.17784
53.40034 26.79076
53.97684 29.36854
53.14503 34.13701
52.97208 34.80411
52.78266 37.81014
54.88277 9.22399
55.93694 10.82996
54.87453 18.73624
55.21219 18.31622
55.52515 19.23862
54.42980 28.70145
57.27936 14.92310
56.76874 30.84273
58.38294 7.31331
60.47481 1.02946
59.51947 4.85083
60.30186 4.41434
60.44187 4.57905
60.67247 4.48023
60.42540 7.20625
60.37598 21.51991
60.73835 25.30833
60.57364 25.07773
56.50520 11.29116
56.73580 29.38501
61.33133 4.28257
60.96072 4.74377
61.02660 4.88378
61.19132 4.74377
61.21603 4.74377
62.29490 4.68612
62.58315 4.76024
61.13367 4.94966
62.14666 5.14732
61.26544 14.45367
62.45138 20.09513
61.78429 29.54972
61.95724 29.57443
62.23725 29.24500
62.39373 29.39325
62.55845 29.40972
62.50903 29.36854
62.56668 29.36030
62.28667 29.36030
62.33608 29.34383
62.26196 28.97322
62.37726 29.06382
62.39373 29.06382
62.45138 29.03087
62.45962 28.96499
61.66899 29.97798
61.79253 29.68150
61.79253 29.72267
61.81723 29.96975
61.78429 35.01000
61.73488 38.26310
62.08901 39.45728
64.06558 1.08711
62.78081 4.79318
62.97023 6.39915
62.97847 6.72034
63.51379 7.21448
63.76910 15.04664
62.78905 28.71792
62.80552 29.04735
62.75610 29.56620
62.64080 29.44266
62.65727 29.38501
64.13147 31.92161
63.40672 40.20673
63.81851 40.50322
63.79380 40.51969
64.09852 40.24791
64.96327 1.95186
65.08681 3.19546
65.34212 4.54611
64.61737 14.79957
64.38677 15.43372
64.46090 15.39254
64.33736 15.63138
65.10328 15.96904
65.21034 18.21739
64.42795 34.28526
65.43271 33.09931
65.55624 33.20638
66.17392 2.35541
66.05862 3.17075
67.03044 2.33894
67.48340 2.66013
67.46693 8.12041
66.97279 8.38395
66.84102 9.70990
66.77513 9.81697
67.44222 8.78750
67.21162 8.56514
67.35986 8.49102
66.61042 16.82555
66.52806 20.53986
66.26452 25.28363
66.72572 24.99538
66.79160 25.05303
66.89867 25.29186
67.10456 25.22598
67.21986 25.16833
67.26104 24.78948
66.53629 30.19211
66.77513 29.82150
67.11279 30.05210
66.89867 30.07681
66.47041 32.09456
67.68106 3.27781
67.83754 4.92495
67.77989 4.92495
68.06814 4.91672
67.66459 8.20277
67.77165 7.86510
67.75518 7.91452
67.98578 8.09570
68.03519 8.48278
69.09760 8.35924
68.14226 10.68171
68.40580 11.35704
68.59522 11.53823
68.43874 13.81952
67.77989 22.12111
67.95284 30.01916
69.02348 40.08320
70.71180 4.20845
69.94588 5.69087
70.30825 5.05673
70.11883 5.03202
70.02823 5.49322
70.18471 5.79794
70.06941 5.91324
70.16824 6.57210
70.48120 5.37792
70.51414 5.40263
70.60473 5.37792
70.14353 8.34277
69.36938 11.02761
69.47644 12.26297
69.36114 12.83123
69.75646 12.80653
69.68233 12.05708
69.68233 11.79354
69.86352 11.85119
69.92941 17.98679
69.42703 18.49740
69.72351 18.39034
69.66586 22.17876
70.46473 25.76953
69.39409 27.02136
70.30825 30.45565
71.14006 4.80965
72.16952 14.76663
72.23540 14.38778
70.34943 27.43315
73.38840 1.54831
74.99437 19.04096
72.99309 1.25183
73.21545 0.93064
73.60253 0.02471
73.50370 0.70827
73.47900 0.84828
73.38840 1.04594
73.87431 3.19546
73.62724 4.15903
73.73430 3.87078
73.47900 10.12992
73.78372 30.71096
73.52841 37.21717
74.91201 0.62591
75.10967 0.63415
75.50498 0.46944
74.22021 7.18977
75.65322 12.67476
74.54140 28.64380
76.42738 12.33709
76.60857 14.81604
76.46032 14.91487
76.83093 17.07262
76.43562 21.70933
77.07800 24.39417
77.20154 27.62257
71.24712 26.90606
77.60509 1.26006
78.69220 0.87299
77.71215 3.53312
77.86863 3.59900
77.69568 7.31331
77.62979 15.71373
79.05457 19.23038
80.21581 0.34590
80.25699 0.42826
79.09575 19.29627
79.12046 19.32097
79.19458 31.65807
79.27694 31.60865
80.04286 31.83925
79.86167 34.03819
80.47111 33.87347
74.26962 3.68960
81.66529 2.84956
81.60764 6.15207
81.38528 8.07099
81.45116 7.95570
82.03590 11.37351
81.73941 16.41377
81.28645 19.48569
81.17115 20.19396
82.24179 20.49868
82.21708 30.20858
80.88290 32.09456
81.50058 36.89598
81.30292 39.02903
70.11883 8.16159
70.39884 22.58231
69.87176 28.98146
74.76377 10.10522
77.39096 24.15533
1.48243 3.30252
0.02471 13.11948
1.40007 14.77486
0.07412 17.23734
0.43649 16.85026
1.49066 19.07390
0.76592 21.37990
0.88122 20.13631
0.20589 22.26112
0.60121 22.26112
0.42002 22.63996
0.85651 27.82846
1.33418 27.84493
1.59773 27.94376
1.54831 27.82846
1.41654 29.86268
0.72474 33.76641
16.35612 0.86475
16.33965 0.84004
8.77927 16.14199
8.50749 16.18317
8.36748 16.15023
8.39219 15.82080
2.48718 8.09570
1.66361 14.76663
2.11658 15.15370
2.04246 16.55378
2.47895 19.39509
2.42953 21.51991
2.26482 21.47873
3.26216 24.69642
3.17898 23.71884
2.81661 25.00361
1.98481 27.20255
1.67185 27.96847
2.08363 26.39545
1.85303 28.01788
1.73773 28.14965
1.85303 28.25672
2.70955 33.37933
2.10834 36.09711
3.01427 38.88078
3.09663 40.85735
2.95662 40.72558
18.63741 8.88633
18.67035 17.83855
8.68044 28.33908
1.17771 17.80560
1.25183 18.91742
1.78715 18.53858
4.72730 0.47767
3.42605 4.91260
4.41434 12.24650
3.87078 15.54078
4.50493 25.34951
3.73078 39.12785
3.43429 40.98089
3.68136 39.53964
41.40915 23.44706
74.45081 32.34163
5.13908 0.07412
5.47675 2.96486
5.41086 5.53440
5.70735 9.93227
5.96265 13.61363
6.16855 22.44231
6.11090 23.52942
6.42385 24.64948
5.18026 25.48952
5.30380 25.30010
6.30032 25.44011
6.47327 25.08597
6.34973 27.54845
5.25438 30.45565
6.32502 32.86048
5.32027 34.12878
6.35797 35.27354
23.67766 31.97926
20.60574 25.83542
20.63045 25.96719
30.11799 0.95534
56.77698 7.29684
50.74020 5.60028
7.01682 19.03272
7.02506 22.26112
6.76152 24.60830
8.16159 24.20475
7.97217 23.80120
6.90976 24.82243
6.76152 24.89655
6.86858 25.22598
6.92623 25.55541
7.18154 25.61306
7.23919 25.20951
7.50273 24.79772
7.42861 24.97891
7.60980 25.10244
7.55215 25.78601
6.98388 26.60134
6.84387 31.64983
7.39567 31.57571
7.77451 40.88206
78.74161 10.87114
78.74985 10.81349
78.68396 22.96116
81.82177 17.92090
78.65926 23.06822
48.25302 38.27134
3.91196 15.62314
3.36841 11.61235
66.45394 8.04629
66.61042 7.22272
70.83533 6.30855
2.13305 24.27887
4.01903 25.47305
9.41012 14.18271
9.67696 13.90188
8.98516 15.54078
8.68867 16.35612
9.21576 19.11508
9.83344 22.34348
8.66397 26.84018
30.89214 32.58870
18.67035 29.32736
19.09037 29.56620
11.39822 11.13468
10.00639 14.43720
10.23699 22.77997
10.14639 25.89307
10.89584 31.19687
10.96173 31.17216
10.71466 31.52629
31.21334 4.37316
29.87092 14.65956
22.74703 28.92381
26.44486 40.78323
33.59346 23.34000
12.36180 1.00476
13.01242 2.84132
12.55122 15.66432
11.92531 18.57976
12.79006 20.81987
11.67824 24.08121
11.99119 35.16648
32.17692 36.13829
32.08632 36.10535
45.64230 21.39637
13.18537 15.95257
14.15718 16.01022
13.90188 16.84203
14.26425 20.38338
14.29719 22.87880
14.65133 28.65203
18.57976 34.86176
18.59623 34.93588
55.19572 25.46481
65.89391 2.00128
15.84550 0.23060
16.00198 0.78239
16.42200 1.05417
16.19140 0.54356
16.24082 0.54356
16.28200 0.54356
16.39730 0.51885
15.19488 3.06368
15.30195 2.94838
16.22435 7.68392
15.05488 10.66524
15.83727 17.22910
16.42200 21.38814
16.29023 20.18572
15.35960 22.91174
15.52431 22.89527
71.80715 15.24430
70.32472 30.58742
79.12869 19.37862
79.47459 19.09037
80.42170 18.46446
46.39999 22.31054
15.43372 32.20986
55.61574 11.10997
45.32934 40.42910
17.76442 8.89457
17.95385 8.90280
17.86325 8.49102
17.23734 18.10209
17.24557 18.04444
16.57025 20.55633
16.69378 20.54809
16.79261 20.70457
18.05267 23.86709
53.29327 4.90848
58.35823 3.68136
55.59927 11.71118
18.95037 2.45424
18.14327 10.28640
18.87625 16.71849
18.53035 20.32573
18.29975 24.89655
19.26332 25.39069
19.41157 26.23897
19.65040 26.12367
19.05743 29.06382
19.09037 29.07205
19.15626 29.26147
18.99155 30.00269
18.98331 31.83925
18.48917 34.94411
18.65388 35.04294
20.22690 2.84132
21.29754 2.96486
19.77394 5.32027
20.86929 26.08249
21.14107 25.68718
20.62222 35.96534
21.37990 36.02299
22.66467 1.52361
22.66467 18.95860
21.79169 19.77394
21.49520 23.85061
21.49520 23.93297
22.12935 25.40716
21.79169 27.00489
21.90699 26.67546
21.83286 29.73091
23.01881 29.77209
22.17876 32.81107
22.20347 32.33339
22.33524 32.54752
22.14582 34.03819
22.45054 33.00049
21.69286 35.37237
22.40113 38.11486
22.26936 38.18898
22.60702 38.15604
76.60033 21.38814
35.80886 6.99212
23.77649 8.92751
23.48824 32.54752
23.76826 32.73694
23.59531 33.65934
26.28838 27.81199
24.89655 30.26623
24.80596 36.43478
25.31657 36.90421
25.47305 36.39360
26.28015 37.46424
26.07426 37.34894
25.98366 36.40183
78.60161 7.76627
27.38373 1.84480
27.74610 3.02251
27.50727 8.77103
27.94376 9.28164
26.37898 27.55668
26.77429 28.92381
27.08725 28.77557
27.07078 28.67674
27.21078 28.40496
27.41668 32.90989
26.54369 34.00524
27.05430 33.93112
27.20255 33.70876
27.43315 33.73346
26.38721 35.89946
26.74958 36.08888
27.13666 34.63116
27.95200 35.04294
27.05430 36.69832
27.25196 37.14305
27.82023 37.21717
26.59310 38.92196
27.08725 38.99608
27.92729 39.80318
29.22030 3.18722
29.52502 3.28605
29.11323 5.40263
28.04259 9.89932
28.88263 12.16414
28.95675 12.14767
29.19559 15.98551
29.62385 22.22818
28.61085 25.69541
29.48384 28.11671
28.56144 29.96975
28.94028 30.10152
28.31437 32.93460
28.21554 32.90989
28.05906 33.77464
28.10024 34.33467
28.12495 34.22761
29.12147 33.32991
29.16923 34.19055
29.31089 32.98402
28.58615 39.45728
31.21334 3.25311
30.95803 4.62847
31.19687 4.43081
31.24628 4.05197
30.29917 10.24522
30.06857 26.97195
30.61213 27.40844
29.96975 38.23016
31.57571 2.98133
32.20986 4.78495
32.66282 11.19233
32.84401 30.95803
32.81107 30.66155
32.55576 31.92161
33.64287 7.51920
33.09931 11.46411
33.24756 13.60539
33.84053 14.05836
33.17344 16.19140
34.30173 16.26553
33.30521 35.29001
33.33815 35.11706
33.36286 35.44649
33.84053 35.37237
34.21114 35.51238
34.20290 35.19942
34.26055 35.24060
33.23109 37.20893
35.19942 7.02506
35.36413 6.96741
35.59473 7.04153
35.77592 7.04977
35.85004 6.96741
36.16300 14.65133
34.85352 17.64912
35.01824 36.68185
73.58606 13.06183
36.26183 13.07831
37.66190 12.70770
37.24188 28.30613
37.38188 32.89342
37.43953 32.58870
37.61248 32.55576
37.01128 32.96754
36.29477 36.01476
37.66190 35.52885
36.34418 38.10663
38.89725 13.19361
39.06197 13.52303
39.39963 15.43372
38.37017 27.41668
39.15256 32.90989
39.05373 33.69229
38.09839 34.64763
40.24791 11.53823
40.71735 12.33709
40.38792 12.36180
39.81965 15.83727
39.95142 15.45019
40.78323 15.33489
40.87382 15.26077
40.84912 15.42548
40.19850 39.09491
40.52792 38.74078
40.62675 38.97961
41.57386 7.39567
41.35150 7.84863
41.60680 7.85687
42.05153 7.98040
42.18330 8.50749
42.19977 8.34277
41.48327 38.33723
41.18678 38.48547
41.65622 38.69136
44.29988 15.90315
43.96222 18.11032
44.20105 24.64948
43.43513 27.14490
43.73162 29.40148
43.17982 30.09328
43.46807 30.37330
44.31635 39.91848
48.75540 36.53361
45.18934 13.06183
45.41994 12.33709
45.55171 12.26297
45.37876 12.73241
45.30464 12.88065
46.01291 13.30891
45.65054 15.67255
44.58813 17.64912
45.38699 17.09733
46.09526 22.21171
45.03286 40.30556
53.55682 25.78601
64.24677 17.47617
65.82802 21.06694
67.62341 30.90862
47.51181 11.63706
47.13296 14.29719
46.97648 14.75839
47.66993 14.43555
46.63059 19.92218
46.28469 22.26112
47.61887 25.78601
47.14120 33.23109
48.23655 15.40901
48.37656 18.01973
47.99771 20.07866
47.97301 21.43755
48.33538 39.47375
48.17890 38.93843
48.62363 38.12310
48.96953 39.44905
50.66608 4.76848
50.95433 5.60852
49.91663 35.51238
49.90016 38.82313
51.81908 2.12481
51.50612 1.93539
51.92615 4.90025
52.13204 4.83436
52.36264 4.43081
52.32970 4.48846
52.28028 13.63833
52.54382 28.16613
53.33445 2.85779
53.02150 4.18374
53.26033 4.50493
53.14503 4.41434
53.48269 5.21320
53.64741 6.43209
54.20744 12.29591
53.05526 18.09879
54.22391 23.99062
53.26033 28.14965
53.16974 28.25672
53.21915 28.28966
53.06267 29.90386
52.80737 30.45565
53.74706 33.88171
54.00978 37.49718
55.36044 8.04629
55.73104 8.22747
55.79693 7.04977
55.80516 7.13212
54.98159 11.23351
56.83463 5.74852
56.86757 5.69087
56.34049 7.28860
56.06047 8.12864
56.63697 7.51097
56.66168 7.48626
56.69462 7.48626
56.46402 7.36272
56.52991 7.34625
56.66168 7.34625
56.67815 7.29684
56.80992 7.26390
57.46054 7.88981
57.13935 8.77927
57.16406 8.72985
57.27936 8.87809
57.45231 9.04281
57.41936 8.67220
56.35696 11.20056
56.45579 11.14291
56.58756 11.20880
57.49349 19.15626
57.50172 19.09037
57.39466 19.34568
57.36171 19.79864
56.40637 29.50855
56.29107 29.36854
56.29931 29.33560
56.46402 29.32736
56.54638 29.46737
58.04528 2.22364
58.22646 2.97309
58.12763 6.11090
57.65820 14.40426
58.07822 14.04188
58.63001 13.54774
58.65472 17.96208
58.25941 18.25857
58.44883 18.12680
58.55589 18.14327
58.73708 18.69506
57.83115 25.14362
58.72061 25.29186
58.77002 25.43187
59.27240 30.91685
59.26416 41.17031
60.27716 4.42258
60.47481 4.56258
60.58188 9.82520
59.63477 13.09478
60.40069 12.37004
59.63477 13.39950
59.65124 14.09130
60.65600 21.08342
60.80424 21.04224
59.78301 26.59310
59.53594 40.19850
59.47006 41.07148
61.91606 1.43301
61.53722 10.61583
61.49604 12.37004
62.39373 19.07390
61.33956 20.84458
62.56668 23.80944
61.50428 26.33780
61.01013 30.85920
61.61134 29.99445
61.73488 36.08064
61.70193 35.94063
61.63605 35.94063
61.47957 35.77592
61.66899 35.05118
61.99018 35.64415
62.03960 35.43002
61.38074 36.24536
62.13843 36.35242
62.36903 36.55831
62.20431 36.24536
62.82199 6.62975
64.08205 8.26865
64.13147 16.01845
64.21382 16.03493
63.85969 15.65608
64.17265 17.17969
64.16441 17.23734
64.10676 17.03145
64.18912 16.72673
64.04911 16.68555
63.01965 23.79296
63.11024 23.74355
63.08553 23.77649
63.47261 24.96243
64.09029 31.71572
65.45742 1.25183
64.32089 5.25438
65.51507 4.96613
65.62213 5.06496
65.48212 5.07320
64.96327 14.44543
64.42795 14.95605
64.33736 14.88193
64.55972 15.52431
64.56796 15.83727
64.59267 16.11728
64.88092 15.98551
65.21858 15.19488
64.39501 16.58672
64.32912 16.94909
64.60914 17.35264
64.54325 17.41852
64.70797 16.73496
65.75390 17.83031
65.56448 17.67383
65.75390 17.68207
64.27147 18.27504
64.86444 19.07390
65.25976 18.88448
65.55624 20.77046
64.95504 32.11103
64.94680 31.87219
65.44918 32.50634
65.70449 34.50762
67.20339 9.42165
67.51634 14.64309
66.52806 15.16194
65.90214 17.73972
66.14922 17.92914
66.17392 17.84678
66.52806 16.91615
66.17392 19.08214
66.32217 26.08249
66.32217 25.56364
66.51159 31.63336
67.31045 32.41575
67.50811 31.83925
67.82930 2.84132
67.96931 3.00603
68.32344 11.24998
68.30697 11.06056
68.02696 10.40170
68.09284 13.30067
68.70229 18.29151
68.77641 21.11636
68.26579 22.58231
68.15049 22.15406
68.66934 22.39289
68.94936 21.82463
68.33168 31.22157
68.52110 30.79332
67.76341 32.03691
67.85401 32.17692
67.98578 31.42747
69.85528 7.43685
69.71528 6.61327
70.20942 7.88157
70.05294 14.75839
70.29178 18.08562
70.23413 19.32921
69.44350 21.75051
69.65763 26.45310
70.63768 39.78671
71.95539 15.21959
71.62596 32.14397
73.85784 7.38743
73.87431 7.32978
73.91549 7.26390
72.81190 9.79226
73.10015 9.33929
73.20722 9.31459
73.19898 9.08399
73.24016 13.32538
73.54488 21.39637
73.00133 27.35079
72.76249 29.98622
73.01780 30.12622
74.07197 30.34035
73.64371 32.09456
75.41439 3.95314
74.22845 7.31331
74.51670 9.89109
74.33551 24.73183
74.95319 31.17216
74.48375 31.56747
75.80147 10.67348
77.25095 13.68775
77.26742 13.39950
76.70739 22.40936
77.14389 22.43407
76.90505 23.81767
76.13090 25.05303
76.46856 25.13538
76.97094 25.91778
76.90505 26.07426
75.77676 31.50982
76.08972 32.11103
76.84740 39.86083
78.89809 3.55783
77.54744 8.07099
77.99217 8.58161
78.33807 9.80873
78.65926 9.51224
79.02986 9.61931
78.07452 10.64877
78.55219 10.33581
78.65926 10.97820
78.72514 10.59936
78.74161 10.64877
78.82397 10.68995
78.93927 10.65701
78.79926 10.50629
79.02163 10.31934
78.70867 10.27816
79.00516 10.24522
79.01339 10.12992
78.86515 11.54646
78.38748 17.28675
78.94751 17.65736
77.47332 20.64692
78.57690 23.05175
78.55219 22.96939
78.14041 23.24117
78.48631 23.80944
78.98045 23.69414
77.70392 26.20603
80.37229 0.24707
80.54524 3.64842
79.40047 5.77323
79.11222 9.56166
79.07928 9.58637
79.06281 9.60284
79.21105 9.75932
79.16987 9.82520
79.26046 9.76755
79.30164 9.78402
79.41694 9.74284
79.42518 9.84991
79.15340 10.13816
79.08751 10.44288
79.29341 10.64877
79.73814 10.11345
79.78755 10.18757
80.14992 10.17934
80.23228 10.26993
80.09227 17.34440
79.32635 19.38686
79.30988 19.91394
79.56519 19.90571
79.61460 19.94689
80.03462 23.71884
79.73814 25.20127
80.80054 0.51885
81.43469 1.21065
81.67353 1.14476
81.75588 0.93887
80.88290 3.17898
81.22056 2.06716
81.31939 2.15776
81.55823 1.94363
81.76412 1.91068
81.84648 1.91068
81.66529 2.38012
81.69823 2.42953
82.29944 3.23663
82.06061 1.66361
81.85471 4.49670
82.22532 4.25786
81.43469 15.59843
81.35233 19.90571
0.21578 5.31203
0.22319 5.36556
0.34261 6.14549
0.63168 6.05819
0.04777 6.72363
0.81369 10.99714
0.04365 15.19406
0.90016 15.24842
1.20900 15.99128
0.71815 17.19616
0.72557 18.56741
0.76510 18.90919
0.20095 20.57527
1.03441 19.96501
0.98581 20.57610
0.86887 20.68316
1.26830 19.89171
1.27818 21.44414
0.00988 23.34165
0.35414 23.48330
1.05582 27.60445
1.35395 27.82681
1.53267 27.48833
0.62097 29.28042
1.41901 31.64324
0.13095 36.51878
0.04035 38.56453
1.35642 40.09473
1.85468 5.69005
1.93869 17.30487
2.45671 16.93344
2.31176 21.14765
2.31506 20.51350
2.65025 20.77622
2.12152 22.05276
2.44930 22.01817
2.40153 21.91687
2.12070 21.68215
2.05481 23.18599
1.95186 23.86297
1.66114 24.51853
2.20882 23.43306
2.27141 23.30953
2.57201 30.21517
1.82668 38.99855
2.78696 39.26621
3.77443 13.28173
3.58418 18.56823
4.47034 19.32509
4.67624 19.27732
3.82055 22.20677
4.05856 24.18416
3.40382 30.60554
3.59324 31.07333
4.33198 30.78261
3.38488 31.57324
4.78330 32.41575
4.79648 33.66593
3.53888 38.47476
3.55865 39.10562
3.31323 39.40046
3.43182 39.45728
3.37664 39.49681
3.56606 39.14515
3.79090 38.83137
3.83866 38.92114
3.84855 39.10726
3.89302 39.04056
3.92679 39.03808
3.93749 39.00185
4.04785 39.07597
4.03385 39.01173
3.81972 38.55135
4.24304 38.39652
4.39293 39.35434
4.54611 38.76878
4.67871 39.04467
6.47080 4.63341
6.30608 5.21403
5.71970 22.66961
5.95606 22.15900
6.04336 22.70091
6.21961 22.44231
6.57704 22.27512
5.79135 23.90003
5.16297 25.41046
5.50640 25.15844
6.03760 25.41787
5.17532 26.51157
4.96366 26.56922
5.06661 26.56593
6.29043 27.56162
6.40244 27.42162
6.16443 30.86991
6.46668 31.22404
5.34168 32.83495
5.28156 32.59611
5.36886 32.74106
6.45268 32.92801
6.26985 32.10362
5.69829 33.63052
5.73864 33.09026
5.79712 33.71040
6.08207 33.81253
6.20890 33.17179
5.38862 40.63911
7.02177 6.37114
7.98534 21.01588
6.71293 22.42089
6.63222 22.44148
6.84387 22.44148
6.61986 22.79232
7.65674 22.75856
7.78522 22.86562
6.99623 26.96206
6.60339 26.56263
6.68657 29.87092
6.85376 32.17774
6.81752 32.20986
7.77369 32.01714
7.05718 31.50735
7.12142 35.25131
7.07365 39.68706
7.20625 39.73400
8.38230 13.42009
8.92092 14.63815
8.70020 15.68079
8.72079 15.66102
9.62096 22.17876
8.83197 23.12505
9.14658 23.17034
9.84908 25.49528
9.52377 28.16201
8.67879 30.83861
9.48671 31.27922
9.40271 31.36076
9.43895 32.17774
9.50318 32.14233
9.48918 31.35417
9.53530 35.51320
8.77432 36.55502
8.82786 36.46195
9.68849 40.71899
10.08216 1.32760
11.27551 10.05580
11.51764 13.08078
11.50446 23.51542
9.91003 25.04150
10.22052 24.94679
10.64548 30.77849
10.99797 30.77520
10.86537 31.20593
10.13569 31.76431
10.36217 31.89772
10.50053 31.95043
10.66936 31.71242
10.72619 31.72642
10.13239 32.15962
10.59195 33.30356
10.88020 34.13372
11.99860 10.50218
12.36592 10.21063
12.76041 10.46759
12.98195 14.55579
12.56769 16.96556
11.75565 34.34208
11.83966 34.37503
11.95990 34.12713
12.33462 33.39251
12.10402 35.02153
12.16579 34.81399
12.28768 34.92352
12.28356 34.74481
12.28356 34.69622
12.33050 34.65175
13.17219 38.03168
13.37397 9.36318
13.56504 9.49413
13.71493 14.86545
14.72133 20.90882
13.89282 36.14653
13.79893 35.44896
13.72810 35.54944
13.81952 35.21177
13.65316 35.20766
13.61857 35.24225
13.92658 35.21836
14.10118 35.25460
14.23542 35.39955
14.21319 37.04834
13.88293 39.07844
13.68281 40.53534
14.99887 6.32173
15.50043 6.01619
14.99640 10.86702
15.19077 19.91889
15.21877 20.33314
16.37506 22.12770
15.44443 29.49372
15.25171 30.79908
15.75738 30.97368
15.60749 32.17444
15.26571 35.62274
16.43353 38.31170
17.68289 1.60761
17.79737 18.31128
17.90196 18.46034
17.10639 20.74575
17.23734 20.81081
17.26287 20.87588
17.34770 20.92694
17.83937 23.98733
17.81137 24.09439
16.50683 26.06767
16.98780 25.96554
16.87003 31.68524
16.58013 36.23053
17.19863 36.40842
17.75207 37.70225
17.94314 37.27564
17.55441 38.24004
17.69030 37.98721
18.09632 39.49517
18.49493 1.15876
18.33928 10.30452
18.65141 18.10538
18.99649 18.06997
18.31704 18.51799
18.30139 18.14821
19.59110 21.84604
18.56164 27.70163
18.68353 27.97176
18.87213 27.60033
18.88366 26.73641
19.10767 26.79817
18.51387 28.75992
18.21492 28.90981
18.90507 29.40395
18.90672 28.67509
18.87048 28.61744
19.06814 28.53097
19.17191 29.18406
19.26497 29.14041
19.52440 29.45831
19.37451 28.53179
18.84660 30.38071
18.49576 34.60810
18.20174 37.05163
18.19351 39.77353
18.35987 40.16555
18.63329 40.67946
20.08278 5.07896
20.62880 10.75913
20.58680 23.63566
20.61974 23.11434
20.55139 26.17802
19.80770 30.40953
20.33561 29.66255
20.98623 36.25606
21.36178 37.15211
20.56374 38.61477
20.41715 38.35864
20.88905 38.38417
20.51762 38.79678
20.80999 39.97037
21.07847 41.06736
21.21189 39.80648
22.41595 9.82438
22.63749 10.26416
21.46226 21.79827
21.62450 24.04086
21.83945 26.32956
22.31712 29.48796
22.16971 29.76221
22.83186 30.48612
22.00911 33.79441
22.05276 34.72587
21.67227 36.41501
21.50426 37.32012
22.44231 36.98657
22.46372 36.94869
22.59879 36.72467
22.61690 36.67526
22.53043 37.44448
22.81374 37.72861
22.17629 38.23428
23.35565 28.83816
24.43288 29.76715
23.41247 32.72047
23.11022 37.32835
25.06044 1.85715
25.57270 17.98514
24.98138 30.10481
24.94679 31.26769
25.60976 31.68854
24.75242 33.86359
26.24720 33.53663
25.34292 35.15412
26.20191 35.50661
24.74666 36.62667
25.56776 36.31042
25.85024 37.49389
25.54470 37.87356
26.12614 37.48318
24.72360 38.09674
25.63117 37.93121
26.25873 38.72925
26.67629 2.29612
27.79552 1.92716
27.30714 3.99844
27.35408 4.00173
27.46197 7.96146
27.99318 9.74120
27.92811 10.34652
27.66457 11.91954
27.66128 17.50582
26.52475 19.19167
27.66869 19.70888
27.33514 30.34118
27.73457 34.11890
27.76093 34.97294
26.65899 36.82103
26.58981 37.24270
27.44385 37.44448
27.22231 37.59025
27.94788 37.15540
26.60134 37.91638
26.59146 38.73748
26.96371 38.88243
26.80641 38.32240
28.08871 2.64531
29.25077 3.30499
28.84228 8.20441
29.26642 10.99961
28.74921 14.56650
28.03682 17.12780
28.39920 17.18792
28.62321 17.37735
28.49720 17.00839
28.80604 17.23899
28.78545 17.18051
29.63208 18.10538
29.53572 17.38229
29.63126 17.08333
28.03106 18.22562
28.75663 18.42493
28.96828 18.21245
29.30924 19.85712
29.35619 24.21134
28.28884 28.13401
28.12742 30.43506
28.20072 32.27574
28.22460 32.20656
29.02593 33.79606
29.22030 34.05466
29.22030 33.92206
29.22524 34.19466
29.38336 34.18890
29.31830 33.77300
29.35701 33.58193
29.29606 33.68899
29.37348 33.69970
29.14535 35.05200
28.37614 36.55337
28.39920 39.48693
28.69321 39.30575
30.64260 0.02553
29.67079 1.86127
29.65514 2.02763
29.69961 2.05069
30.55613 2.30517
31.21993 4.99660
29.66091 17.40864
29.68397 18.83589
30.43012 22.64408
30.49930 22.36819
30.87156 31.21087
29.76138 32.03114
30.72331 33.56957
30.10893 36.09382
30.69531 35.92334
30.22011 36.24453
30.40047 39.32716
31.85243 1.95763
32.54917 24.43453
32.82754 29.31501
31.96526 31.18863
32.05256 29.93516
32.54505 30.98274
32.53846 31.10874
32.77977 30.85426
31.30558 39.70024
34.07442 3.17075
34.30996 3.03980
34.41456 5.89347
33.84629 6.81423
33.96489 9.11364
34.29432 8.75456
34.25808 8.39878
34.41209 11.07703
34.28608 12.03484
33.97148 13.60951
33.63134 22.69597
33.59346 21.91193
33.84382 24.81584
33.29944 29.83962
34.06454 32.61670
34.21855 35.42920
34.38491 35.40531
33.66099 37.41236
34.33797 40.16391
34.28114 40.32533
36.20171 3.05957
35.32460 6.40985
34.61551 7.68639
34.60727 8.36995
34.96964 12.02908
34.69704 23.03363
34.61221 27.21490
34.75469 28.11506
35.40367 31.30393
35.16318 36.22147
36.09464 35.83522
35.89863 36.59290
36.67361 6.93694
37.61166 7.75063
36.32936 19.37533
36.92892 22.35089
37.78873 23.40836
37.32259 32.64882
37.51448 32.85307
36.51055 37.38765
37.35553 39.15174
38.83302 24.96079
38.71936 26.22250
38.82560 31.64818
38.75478 32.89919
38.90878 32.89178
38.48794 34.03160
38.67818 33.17097
39.38234 32.99637
38.54312 38.00862
40.52298 2.23352
39.93001 15.12900
39.77600 15.46007
39.88307 15.62396
40.64158 17.34111
40.00413 19.45110
40.02884 18.78071
40.17791 18.82107
40.20014 18.64153
40.62758 19.49310
39.91436 27.36973
39.72577 28.25178
40.48428 38.47970
40.67287 39.14350
41.27984 9.65307
41.52362 13.14996
42.44849 17.38805
41.19584 20.55056
42.31590 24.54159
42.09683 24.95585
41.94858 29.33560
41.69822 40.66958
43.17406 2.96815
42.95581 8.48196
45.37546 2.65766
45.22640 12.53557
45.53524 12.57099
44.62025 17.39217
45.03039 22.39536
45.54429 23.79626
44.77096 40.20344
46.48564 11.50364
46.76236 11.27469
46.90895 11.57941
47.62381 14.47096
47.69876 14.37872
47.22273 15.19488
47.18897 15.07052
47.58840 15.41972
46.68741 17.37488
47.15602 24.03509
47.60569 25.59411
47.32815 26.23320
47.45416 34.08842
46.98554 39.02326
47.17332 38.91290
47.29850 39.28104
47.41380 39.45152
48.10972 24.93937
49.05847 32.06820
49.34590 31.92573
48.11878 33.32580
48.16654 35.85828
48.61786 36.09052
49.18695 37.40824
50.87115 11.03667
50.27653 12.16991
50.43136 12.95806
49.65968 16.09422
50.52360 15.43619
49.85404 16.67731
50.51043 21.23578
50.78385 21.06777
51.00128 20.93682
49.98252 23.79955
50.21559 25.96143
50.24936 27.35985
51.04904 36.21653
51.04987 35.91510
50.26994 36.93057
50.81350 37.20399
52.19875 1.77150
52.46558 3.72748
52.52488 3.44582
51.73672 8.12370
51.91791 8.22747
51.67331 8.65491
51.75402 9.03293
51.59342 8.58326
51.84214 8.56349
52.68383 14.07483
51.53907 15.95751
52.47300 15.50455
52.68960 15.21877
51.78449 18.55752
51.36118 21.34778
51.07375 21.15095
52.64512 20.49950
52.39970 31.77995
51.36941 33.03919
51.14952 34.66822
51.27388 36.16712
51.53330 37.43377
51.56460 37.31106
53.52058 4.77012
53.23315 6.20478
53.19774 5.87947
53.52140 6.01619
53.59470 5.22473
53.57411 5.23956
53.33116 6.07960
53.89448 7.99523
54.18273 8.12370
54.22967 7.79922
53.14256 9.90509
53.61364 13.05525
53.36492 19.63558
53.41022 19.75335
53.74047 18.79142
54.19344 19.47086
52.78431 20.77046
52.90125 20.73999
53.35669 20.26643
53.46128 20.03089
54.31533 20.63210
53.46540 31.28499
53.71412 31.27181
54.28403 31.22651
54.34580 30.75296
53.27516 31.30970
52.87984 34.43844
54.89182 4.15409
55.90729 6.13807
55.78952 7.48461
54.53687 11.48964
55.91141 11.43281
54.51545 11.56788
54.61511 12.59652
54.72629 12.55781
54.72217 12.41698
55.14301 12.13038
55.39667 12.12379
54.77652 19.45769
54.70076 19.95183
55.01371 28.83157
57.23241 2.50695
56.26719 4.61611
56.49120 4.76848
56.78027 4.69271
56.48708 4.48517
56.28037 6.24761
57.58408 6.00383
57.06111 5.67852
57.18300 8.65491
56.06294 11.03338
56.42861 11.31916
57.09076 11.27057
56.98617 11.42540
57.20194 18.83918
57.20771 18.95860
57.61702 19.31850
57.49266 20.24008
57.31148 25.65423
56.18648 29.49455
56.06130 29.63208
56.81157 29.50937
57.10970 29.69303
58.12763 6.13149
58.23140 5.70323
58.40353 6.68987
58.35988 6.64951
58.77826 6.69646
58.60695 7.00859
58.03539 9.45624
58.94215 14.78310
59.24275 14.04518
58.52624 13.44727
57.66561 19.03025
57.67632 19.07884
57.69197 19.32344
58.07822 18.97425
58.40353 18.95119
58.12187 18.82601
58.46365 18.74859
58.56413 18.89107
58.78320 18.78565
58.56660 18.99813
57.91845 21.19213
57.93821 21.07847
57.90115 24.98055
57.94480 25.04809
58.39200 25.30339
58.28494 25.05138
58.60613 25.18480
58.65225 25.20539
58.20587 25.55376
57.99010 24.81090
58.65390 40.23967
59.09451 39.96625
58.86144 40.46286
60.07703 1.61832
60.27798 4.62517
60.32739 12.51663
60.06056 14.56320
59.93208 14.29060
60.37598 14.42402
59.73360 15.20641
59.74266 15.02523
60.34139 24.54077
59.65042 28.47414
59.82090 28.29872
62.20678 1.38689
62.35008 1.46760
62.51315 6.78787
62.25620 8.86986
61.81806 11.08856
61.14438 13.00583
61.18391 13.01242
61.21356 12.99348
61.23414 12.96218
61.28850 12.95395
60.97966 13.20925
61.59404 14.77569
62.11207 24.59512
62.14337 24.58689
62.17302 24.49547
62.14831 24.41147
62.20678 24.30440
62.24384 24.46006
62.24631 24.49794
62.23149 24.54159
62.30067 24.53006
61.63358 26.06520
61.99924 24.71619
61.84770 24.83890
62.57739 25.25810
62.21090 29.28783
62.64739 0.12024
64.08782 6.09607
62.70587 8.28759
63.46685 8.49102
64.12323 16.15270
63.75757 17.41441
64.16112 16.80826
62.71081 24.53582
63.07894 24.07380
63.04518 24.18251
63.27907 24.18828
62.62680 24.72689
62.90764 25.02420
62.77834 25.02008
63.18601 25.67647
63.19260 40.36403
65.26552 1.63973
65.29353 1.32595
64.33159 1.22383
64.94021 3.10486
64.73350 1.73773
65.39730 1.75997
65.19634 1.89010
65.46236 4.82118
65.54554 4.83024
65.64190 4.77671
65.39894 4.92825
64.81750 5.40180
64.93939 5.75429
64.85292 5.29886
64.93857 5.20332
65.46812 5.26015
65.34706 5.07731
65.25729 5.26015
65.78520 5.36556
65.57272 4.98507
65.49777 5.18108
65.03081 9.93885
64.63137 16.02010
64.75903 16.63778
64.44772 18.47928
65.32482 18.39034
65.56283 27.46527
64.74338 32.18845
65.51424 33.03096
66.62689 0.63827
67.32775 2.95662
67.16221 2.49789
66.16157 3.47053
65.91450 5.40098
65.93344 5.47839
65.96062 5.54346
66.11710 5.47592
66.17310 5.73205
67.47022 9.83673
66.16898 12.43345
66.39958 13.09395
66.99255 15.90480
67.16468 16.13540
67.24292 15.42960
67.30798 15.44443
67.30551 15.22783
65.93179 19.55651
66.38970 19.26579
66.33699 19.29709
66.67301 19.27732
66.34770 19.84888
66.99585 20.22278
66.94149 23.08963
66.23157 25.05714
66.26863 25.25892
66.23487 25.58176
66.35511 25.55541
66.68124 25.13868
66.61124 24.76231
66.88137 25.14609
66.25957 31.14086
66.30899 32.59364
66.34275 34.13043
67.98907 0.73215
68.59275 1.15300
67.55752 2.74990
68.09696 2.52095
67.96684 2.23929
68.28556 2.26235
68.07555 4.76106
68.44204 5.11849
68.92300 8.37983
68.63887 11.53905
67.64317 14.85063
67.62423 14.94040
67.56658 15.08205
67.62670 15.11994
67.71400 15.09605
67.76836 15.07547
67.67447 15.43454
68.75088 17.52394
68.75746 17.71583
68.87441 17.64583
68.68746 18.59129
68.56228 18.66541
68.61087 18.67694
68.48074 18.61682
68.48733 18.65306
68.40580 18.55176
68.57134 18.91331
68.68005 19.34156
69.05889 19.09614
68.98642 19.04178
68.87771 18.58800
68.78958 18.71977
68.83982 18.71400
68.92794 18.71400
69.05889 21.17895
67.85730 22.96116
68.06484 22.38878
68.27485 22.40442
67.72306 23.09046
67.69423 23.91897
67.57482 24.23604
67.95778 23.45201
67.67529 25.28610
68.07143 25.22680
68.95759 26.04131
68.73358 26.85829
67.60776 29.16100
68.48733 30.42353
68.38603 37.45436
69.32820 7.47885
69.72351 11.34057
70.81886 11.21621
70.09577 12.04637
70.14024 12.09249
70.12130 12.15591
70.02906 12.24321
70.30331 12.08755
70.45402 12.17814
70.42437 12.22015
69.50197 17.61206
69.24667 18.14574
69.25161 18.62588
69.23514 19.05331
69.30349 19.20567
69.62633 18.14903
70.07024 18.36151
70.01506 18.46446
70.37166 18.45540
70.40543 18.95284
70.43014 18.90919
69.82564 18.67694
69.99364 27.61186
69.60162 27.50974
70.54955 27.63327
70.73733 27.95035
69.58927 28.38355
69.48632 28.17354
69.74081 28.57297
69.77457 28.57709
69.86599 28.43708
69.97882 28.45602
69.60162 28.22048
69.84046 28.39673
69.84870 28.35966
69.86517 28.27566
69.89893 28.24189
70.15342 28.01047
70.38072 28.65862
70.46637 28.47002
71.47195 8.22418
71.06264 8.90363
71.26277 9.00081
72.40341 9.86967
71.93398 10.72701
72.00151 11.26727
70.96052 11.26727
71.15241 12.27944
71.52466 11.82401
71.73797 11.94837
72.10281 15.24924
71.41925 26.10885
71.18453 27.47433
71.46290 27.69998
71.25288 27.18525
71.26936 27.36973
71.25041 27.37385
71.25536 27.49986
71.30889 26.96783
71.21500 27.20172
71.97104 36.23053
71.73467 36.27089
74.01514 1.53761
73.27393 7.46732
73.68654 7.27790
74.03079 8.00264
73.99620 8.17065
73.96490 7.65015
74.10244 7.61309
74.07114 7.08271
74.06291 7.13130
73.98714 6.82246
73.10592 12.77853
73.28546 12.95065
73.23604 12.97783
73.21463 12.94653
72.84238 18.37716
73.07792 18.96025
73.21545 18.56494
73.32334 18.71647
73.36534 18.71318
74.07361 30.51083
73.74583 30.06857
74.13703 6.92623
74.26221 6.94764
74.15680 7.06871
74.32151 7.17824
75.22085 8.83609
75.37074 8.81797
74.72588 12.47298
74.15515 13.31302
75.54369 13.92988
74.93425 19.17026
74.97131 19.09120
74.96307 19.14720
75.15496 19.19661
75.16073 19.03108
75.21920 19.00884
74.20209 21.92428
75.65899 25.72341
74.89966 31.04533
74.81401 36.05593
76.02795 1.52608
76.44715 11.08279
76.30549 14.81275
76.35573 14.80945
76.21737 14.30296
76.79387 17.80066
77.28307 17.57336
76.21984 18.76918
77.38849 19.37533
76.94788 20.94670
76.10701 22.20182
76.60033 21.45238
76.69751 23.77237
76.54268 25.15844
76.69010 24.76148
76.75681 26.19614
76.86305 26.08331
75.92006 31.14828
75.95547 31.14663
76.14654 29.97304
76.51056 37.50789
76.69834 39.39222
76.82681 39.38893
78.42866 2.04410
78.35371 8.26783
77.46179 17.33370
79.00516 17.53382
78.64032 21.74639
78.62714 23.01469
78.68561 22.69514
78.21371 24.23440
78.52337 24.63301
77.81839 26.00508
77.51779 26.06190
78.52090 24.74172
78.00699 26.38474
78.94586 36.98575
78.29606 40.62428
80.27263 0.09965
80.60865 0.24872
80.57488 0.14660
79.19376 9.64072
79.51989 9.65802
80.04862 9.33682
80.01733 9.42495
79.40706 10.10027
80.53700 11.34634
79.67637 16.30506
79.15340 17.64336
80.40193 17.18628
80.55018 17.21263
80.58724 17.20193
79.77273 32.68835
80.12686 32.84236
80.67701 32.48823
79.87155 37.49554
80.08404 37.41565
79.28600 37.90073
80.87384 0.45461
80.87055 1.46184
81.51952 1.16618
81.58623 1.00723
81.35728 2.47895
81.82754 2.44765
81.72294 2.97474
81.72459 3.01427
82.06719 2.44848
81.48164 10.28228
80.75442 17.66807
81.77236 19.57463
81.76494 21.31319
82.08778 23.20905
80.87302 36.08558
81.51046 36.96516
81.46187 36.69667
1.43219 0.66297
0.30884 10.39594
0.58638 12.54710
0.86557 11.60576
0.17871 22.71820
0.97923 21.68709
0.75933 23.52942
0.25695 27.90423
1.18018 27.93388
0.51226 29.46737
1.59773 33.14543
3.09827 0.94793
1.78962 5.28074
1.73197 7.90710
2.29776 8.12370
3.26958 11.55305
1.94445 15.19406
2.49295 20.68728
2.03010 21.44085
2.87097 21.75710
2.61401 22.66632
3.27617 22.43572
2.10340 24.14628
2.10422 23.29306
2.49624 24.22534
3.03156 26.92665
3.22263 26.87394
1.66279 28.27978
2.29447 32.38857
2.24753 32.96754
2.77214 36.69503
2.87920 39.06362
2.86191 39.26127
2.26811 40.59793
3.20040 40.00907
4.71165 2.83144
4.77671 2.76308
4.14915 3.89137
4.35422 12.23991
4.92578 14.02541
4.18951 19.95430
4.19362 19.98807
4.24798 20.54315
3.37335 22.15818
3.81725 22.71820
4.07585 22.99822
3.94079 22.59879
3.75878 22.18206
3.82796 22.18865
4.01985 22.03711
3.98197 21.94734
4.07338 21.91357
3.96138 23.48001
4.36493 24.67336
3.91855 25.40881
4.48434 25.54552
4.17633 26.52392
4.67871 27.30302
4.23315 28.34402
3.80160 30.75708
4.98507 2.11493
5.51381 1.83986
5.33427 15.68738
5.18850 15.94104
5.82100 16.68637
6.20890 18.91742
6.31926 18.38704
6.53751 23.91650
5.65299 26.20603
5.66123 25.56529
5.84324 25.55376
5.82265 26.14426
6.07466 30.07187
5.51710 32.57717
5.16461 40.74782
7.84781 11.90636
7.34049 21.20283
7.39814 24.74995
6.86693 26.67876
7.01188 28.14965
7.50685 29.63208
7.23425 30.01587
6.99129 31.52053
6.67669 31.98255
7.75063 35.21672
7.43520 36.11358
8.03311 38.26146
9.50813 8.28512
9.35988 14.08636
8.50666 20.99282
8.48031 21.05706
8.79491 23.73037
9.57731 23.66366
9.36153 26.78582
8.43501 30.00186
8.62443 29.83962
8.41854 30.48942
9.20588 32.08797
11.47399 2.03916
10.08957 8.45148
9.91085 19.31356
10.67842 26.15744
10.96667 29.63538
11.25986 30.03316
10.24357 31.36899
10.37617 32.17856
10.58700 31.41099
10.32511 32.09538
10.38276 32.04432
10.40911 35.28507
10.74184 37.48236
11.77789 9.66790
13.10384 9.50648
12.41204 11.47317
12.12955 18.95119
12.14355 22.01158
12.20944 21.77110
12.91112 22.90351
12.78511 25.79342
13.05936 25.19468
12.22920 27.48586
12.92759 30.67390
12.82629 32.15056
11.90636 34.88317
11.69553 35.21095
12.02990 34.93505
12.83041 35.05941
13.21008 9.75767
13.31879 20.83881
13.39373 21.19295
13.91505 19.79370
14.28978 20.29443
14.07153 25.97296
14.15965 25.96637
14.01718 26.13355
14.34825 26.21426
14.71474 25.82883
14.20742 32.50223
14.75921 32.56399
14.61509 34.24737
15.62396 5.78723
14.85722 10.87031
15.82409 19.31603
15.93116 19.41486
16.19305 21.36261
15.87927 26.71335
15.46501 29.49619
15.57620 28.88922
15.31183 28.98393
15.91304 28.84639
16.20129 29.49537
15.14465 29.70373
15.99375 30.02492
16.03987 30.00763
16.18399 34.13948
15.11253 36.10700
15.55149 35.10553
15.74421 38.17745
17.77431 0.95205
17.82290 1.21971
16.98533 2.91132
17.02815 2.63954
17.69854 2.88909
18.01397 10.53347
17.85584 17.84266
16.48707 18.25198
16.55542 20.68234
16.51671 23.59942
17.69689 33.61158
17.92008 34.52409
17.90690 36.11358
17.89373 35.74957
18.02714 35.70756
16.72096 36.27006
17.37982 37.63966
16.54225 38.35040
17.47453 38.57359
17.20934 40.96030
17.42264 40.65723
18.89025 2.32412
18.87954 4.02561
19.02778 6.90811
18.40434 10.20899
19.38109 10.85219
19.67181 10.19993
18.17456 17.12945
18.43728 18.56823
18.78318 25.80495
18.43563 26.74464
18.54023 26.73229
18.46940 28.32590
19.34733 28.01294
18.41010 35.20189
18.59211 36.39442
21.21436 5.81276
21.20695 5.71229
20.07701 9.57484
20.72434 9.63825
21.38072 9.85814
20.65186 10.66607
21.17895 10.23616
20.42621 21.37249
20.61892 24.73019
20.75069 29.91374
21.37496 30.85097
19.97324 36.01146
19.85877 36.45454
20.20796 36.68102
22.30395 9.83179
22.50655 10.19828
22.57161 10.64960
22.54196 11.44681
23.01469 10.77725
22.75691 10.50300
22.81703 10.64960
22.74538 10.01956
22.70585 10.27569
21.84604 12.21356
22.38301 22.13100
22.67455 27.49491
21.91440 31.84749
22.10958 31.98914
22.44231 34.06783
22.79397 34.47715
22.77915 34.06372
21.75463 35.38555
22.68938 36.10453
22.69350 34.87164
21.52320 36.34830
21.89463 37.53507
22.37560 36.52125
22.40772 36.90915
22.20430 38.32652
23.00316 38.25240
23.90662 9.77414
23.97909 9.84332
24.58689 13.89858
24.57536 13.87058
24.03345 24.27640
23.11352 28.26084
23.25105 28.56885
23.21317 28.81345
23.46601 28.60179
23.51377 28.72945
23.68178 28.10848
24.12486 28.37696
24.08368 28.19001
23.90003 28.45849
24.11498 28.62238
24.32664 30.14022
23.86626 35.71580
23.66696 36.88609
24.59924 39.51987
24.63877 39.06526
25.93013 2.07705
26.33780 1.83245
25.87660 10.10522
25.84613 10.13816
25.90625 10.94690
26.00260 11.18080
24.86772 14.37872
25.04561 14.64886
25.20209 15.89904
25.62541 16.40800
26.32133 16.14117
25.96225 14.87781
24.77713 27.35079
25.44175 29.47396
24.89655 33.87512
25.09173 34.38409
25.19633 33.91053
26.14673 38.40805
24.98797 40.70993
26.03555 39.66812
27.00571 3.46147
27.45950 3.79172
27.56986 4.07668
27.68104 7.81322
26.44239 9.53695
26.68123 9.54189
27.01313 8.80480
27.91905 9.69343
27.86140 9.62919
27.85152 9.68931
27.61763 9.62837
27.67775 8.34854
27.05925 11.09185
27.75516 17.97114
27.93964 17.90526
27.74857 17.28264
27.43974 18.20174
27.94706 18.18609
27.99070 28.20319
27.39691 30.43836
26.83771 32.66612
27.22314 31.49335
27.48174 31.61936
26.53957 33.52592
27.98741 34.29102
26.66311 33.28462
27.47350 35.63097
26.53216 39.71506
26.57169 40.82688
29.09758 3.59653
29.16923 4.59388
29.16429 5.86465
29.09182 5.83500
28.09777 7.76463
28.14718 7.80333
29.12806 8.14265
28.04012 9.46448
29.34301 8.34277
28.42967 11.30433
28.43626 14.27990
28.16201 15.44278
28.35719 17.19451
28.64874 17.83608
28.83651 17.59477
28.89169 17.62277
29.19229 17.73807
28.34896 19.60922
28.75992 18.45128
29.26642 24.77301
29.45748 24.83890
29.11570 29.72020
28.32260 32.78553
28.48073 32.93048
29.49290 32.68753
28.02200 32.54176
28.09118 33.21791
28.37614 33.32003
28.17436 33.36945
28.69156 33.78617
28.59685 33.42874
28.99134 33.62475
28.29131 35.73392
28.94605 35.08165
29.33971 36.17206
28.51614 38.81490
29.60820 39.15091
29.78032 4.87472
30.63437 6.11090
31.10298 5.84159
31.00909 6.06560
30.27364 15.69973
29.91210 25.00855
30.71508 32.08715
30.42518 33.62064
30.50260 33.49463
30.64260 33.73429
30.65413 33.90312
30.65907 33.99371
30.89544 34.20372
31.27593 35.56591
29.93845 39.01997
31.06180 38.70371
31.24299 39.59070
34.11478 6.14219
34.14360 6.19984
34.44256 6.40985
33.28050 21.69039
33.98960 29.26395
33.96901 32.55905
33.53251 35.31225
34.14690 40.33439
33.79441 40.78323
36.20747 35.89616
35.62109 39.82295
51.54236 8.67385
51.21705 11.26892
51.72519 15.91880
52.41370 15.61079
51.55389 18.61023
52.16992 18.78318
51.85697 20.60739
51.65107 29.58843
52.15922 29.44019
52.26299 29.35701
52.09910 29.67079
51.65107 32.17444
51.95497 32.01961
51.95415 33.57287
52.04392 33.80100
51.13799 36.22312
51.29282 37.61248
52.97126 0.22319
52.72254 1.18924
54.34662 9.46201
53.20021 12.34121
53.34763 13.18455
52.97702 15.44690
53.27680 15.74338
53.47693 15.93774
53.52717 15.49137
52.94655 21.99593
54.02790 25.17821
53.67294 28.30037
54.03366 28.48073
53.93484 30.49765
54.31368 30.29835
54.10779 30.43424
53.35504 31.39041
52.96714 34.47138
54.66617 3.87655
54.49981 4.82860
55.05572 3.46888
55.22372 8.22665
55.61492 7.80581
54.50722 8.95551
55.92211 9.48589
55.98223 8.90033
55.76646 8.60055
54.91077 11.10915
55.63633 10.86537
55.78540 10.30781
54.65546 21.20119
54.86876 19.79453
54.49486 25.34457
54.40180 30.31153
54.94453 37.98227
50.46266 1.21806
50.20900 1.01793
48.75046 35.57497
48.01583 34.31408
48.10889 34.55209
49.15648 32.04761
48.13113 32.50223
47.87500 23.33671
48.86823 20.98047
48.11960 15.65773
48.00924 14.88110
47.90877 6.60504
48.26702 0.54109
47.10826 20.38009
46.13397 17.65901
47.40557 16.32070
47.42533 14.40178
47.60405 14.44132
47.52087 14.73863
46.74753 14.58132
46.81177 10.07557
46.66106 10.50876
46.17021 11.18409
47.13214 7.55215
46.80601 3.56194
46.28633 4.18209
47.69546 2.44848
45.45535 39.72906
44.61119 28.30860
45.91408 22.29406
45.90584 23.03198
45.43805 20.41303
45.98491 17.74136
45.37382 17.41441
45.43229 12.67476
45.42900 12.55863
45.33428 12.49934
45.60112 5.45533
45.56653 5.50475
45.39770 5.08308
44.22246 39.70271
43.94904 39.50670
43.20947 39.14762
43.21030 39.08832
43.61220 29.98375
43.36595 29.74820
44.35094 18.68435
44.23564 17.75207
43.84362 8.04217
44.37812 8.91104
43.30583 9.03869
43.00852 9.32694
43.04888 3.14934
41.64798 38.99279
41.39844 38.74325
41.35726 39.02738
41.61092 37.23611
41.80693 23.08305
41.40173 21.48449
42.80263 18.77330
42.54732 19.15214
41.70234 16.92274
41.61421 17.46217
42.18907 12.40298
42.01612 9.18034
41.89917 8.39631
42.60826 1.81844
42.24507 1.39513
42.04247 0.60697
41.73281 1.49478
40.47027 39.19703
40.62511 38.95655
39.87154 38.11321
39.71918 36.24700
41.16125 32.27163
39.54293 29.68644
39.82295 28.29131
39.82295 27.90258
40.27838 19.00719
41.07560 11.79024
39.57505 3.71925
39.54211 0.88781
39.38316 40.34427
38.50935 39.96131
38.28205 40.27015
38.14698 39.81471
38.80090 36.54102
38.41217 34.60316
38.20298 35.01247
38.18569 34.79999
39.18303 34.41291
39.14268 34.35197
39.10974 34.25396
39.03232 34.42279
38.94420 33.36615
39.36998 31.53535
38.74736 29.73997
37.89579 9.26682
37.90979 0.35825
36.97586 40.42004
37.51777 37.79367
37.33082 35.23236
36.38701 35.85745
36.45125 35.80392
37.67260 8.02076
36.83915 7.46155
32.14562 39.25633
32.32516 36.72138
32.05667 36.71232
31.86561 37.39012
32.68094 32.86707
32.15468 32.70730
31.65807 28.26660
31.56088 28.27072
32.39187 27.31043
31.72066 26.66311
31.80631 26.51075
31.92243 26.93242
31.60865 27.55833
32.63400 5.40921
49.95040 1.87857
50.19335 2.02846
50.48984 9.84991
50.63067 9.83261
50.90162 11.18080
50.54172 12.55534
49.93969 13.53868
49.65556 16.57684
50.30206 16.70531
50.92880 20.94011
49.61521 24.33652
50.89833 23.23211
49.58803 32.69906
49.84086 32.64141
49.86392 32.61917
51.02104 34.64763
49.46614 36.62502
50.55655 39.38069
43.77526 7.86428
43.96963 7.61227
43.97045 7.53156
57.38066 0.96934
57.30159 1.01299
57.63761 2.48060
56.31413 6.34314
56.29931 9.73790
56.66333 9.12846
56.73580 9.12517
57.12700 8.90280
57.45148 9.12517
57.01334 11.56870
56.29684 15.11829
57.59149 20.26643
57.08499 26.21509
57.12288 26.00178
57.38148 26.04131
58.40353 6.07960
58.80132 6.57621
59.12086 6.50868
58.77249 6.77881
58.85814 6.67340
58.89932 6.65281
58.83179 12.63440
58.09881 14.04683
58.12516 13.91258
58.64896 13.45715
58.79226 13.96529
59.18839 14.51132
59.14475 14.31366
59.15051 15.66185
57.89127 25.62459
58.07493 25.37669
58.16717 25.50681
58.14575 25.22515
58.68025 24.93690
60.23762 6.44032
60.72682 6.35714
60.57364 7.35037
59.69736 12.29591
60.02267 14.43802
59.93455 14.30625
60.16103 14.15060
60.66588 13.75858
59.61171 16.18482
59.66112 16.11316
60.10915 15.57208
60.06056 15.53419
59.41899 16.98780
59.45688 17.08168
60.31751 21.15918
60.69882 20.20631
59.72124 21.66568
60.14209 23.57554
60.48634 24.66924
60.47975 24.41064
60.35375 26.11626
59.34652 28.30696
59.33334 28.35308
60.09020 30.19376
60.50199 37.96909
60.43528 38.73419
62.44068 3.08921
62.23314 6.50950
62.32208 5.81606
62.32208 5.91653
61.43510 9.31706
60.99119 14.43143
61.05955 14.83251
61.15426 15.09605
61.52322 16.23752
61.40462 15.95257
61.82053 14.88934
62.56009 18.13997
61.27368 22.42007
61.19544 22.90268
62.01818 24.69395
61.74641 24.97891
61.77605 27.83670
62.19937 28.96499
62.37808 28.68827
62.26937 28.54167
62.54527 29.69303
62.26526 29.74409
62.46950 39.38151
62.93317 6.18996
63.29307 6.21714
63.38449 6.06148
63.95275 12.27944
62.79399 15.19571
62.94800 15.28712
62.92082 15.90810
63.07565 15.58031
63.91569 15.33571
63.40590 17.33781
63.25025 16.52660
64.07546 18.26104
63.31448 24.49959
62.61857 28.94852
62.62845 29.18241
63.84651 26.91759
63.94863 36.73867
64.93610 1.55573
65.40141 1.58208
64.77468 1.66938
65.08599 1.67350
65.12799 1.71879
65.42365 4.51564
65.38906 4.84836
65.82391 4.49834
64.93774 6.39832
64.71126 5.31615
65.04563 5.13249
65.18234 5.13167
65.53401 4.96613
65.78437 5.32356
65.72014 5.05343
65.70119 5.03861
65.33059 18.66623
64.86280 23.75508
65.64766 24.65689
65.87003 26.73476
65.10822 37.82085
64.79444 39.42187
65.87497 41.12172
68.25015 0.75357
67.54434 2.41965
67.75600 2.67825
67.72224 2.69884
67.63000 2.79767
68.07390 2.90309
67.87213 4.90766
68.32427 4.53788
68.15873 4.78989
68.45357 3.79584
68.72699 3.79501
68.03190 4.98096
67.96519 5.10696
68.00307 5.11108
68.49722 4.95543
68.58534 4.99084
68.47251 5.10449
68.40498 5.42239
68.70229 11.39822
68.78464 11.52093
68.93041 11.34798
68.97901 11.51599
69.11078 11.47317
68.99712 10.86867
68.39756 13.13925
69.06383 11.83966
69.00124 11.68400
68.46016 13.57163
68.42474 13.61610
68.56393 13.89446
68.78547 14.47344
67.73047 15.07958
68.71052 14.85887
69.01689 15.59432
68.76076 17.63759
68.99630 19.18179
68.93289 18.80624
68.63640 21.19707
69.04489 20.96812
68.14638 21.94816
68.68170 21.43261
67.95778 24.14380
67.69259 26.70511
68.18838 26.87065
68.36627 26.97195
68.14308 32.21151
67.30551 2.83638
67.38045 3.78596
66.01744 5.63734
66.50417 5.31286
66.91184 5.83088
65.97874 11.26069
66.01827 11.27469
67.27174 15.46996
66.90608 19.39757
66.78254 19.84147
67.39940 24.42300
66.45147 25.53399
66.52476 25.55458
66.46217 25.60482
66.64583 25.07856
67.20997 30.15258
66.20192 32.38281
67.39116 32.42316
69.35126 3.86584
69.83058 7.99934
70.05624 8.05946
70.05871 8.10970
70.40296 7.83628
70.50838 7.56615
70.74639 7.58179
69.51844 8.49019
70.12542 8.24889
70.01753 8.31889
69.19066 10.31358
70.73898 10.61336
69.52668 12.14273
69.55880 12.23909
70.64097 12.10896
70.41037 18.16056
69.21043 21.61215
69.56374 26.32791
70.11718 27.84823
70.65909 27.40926
69.55468 28.39261
69.49374 28.31766
69.86270 28.63803
69.81575 28.53756
69.65598 28.25342
72.27164 0.84004
72.29964 0.93640
72.43718 0.89193
72.44624 0.31296
71.88786 6.24184
71.06676 6.86529
72.15634 8.13112
72.08716 8.19618
72.42400 9.43400
72.23211 8.82868
70.88722 10.94114
72.02292 10.71795
72.02292 10.74513
71.82938 11.03585
72.09869 10.79537
72.39188 10.22134
70.84357 12.04720
71.84915 14.76580
72.20658 13.27349
72.35565 18.54435
71.07005 20.19149
71.30724 21.25060
71.60126 19.97489
70.85098 21.85181
71.74620 24.69560
71.20841 26.33944
71.15323 27.06995
71.14829 27.44879
72.61754 0.53285
72.95273 1.37207
73.27146 1.16288
73.05568 0.02141
73.49794 1.02370
73.41805 1.32183
73.34146 1.49396
73.57947 1.63561
73.53088 1.58537
73.59183 1.56149
73.61983 1.33583
73.78701 1.52361
73.81584 1.36630
73.92043 1.44701
73.77219 1.27818
73.86113 0.48261
72.53107 1.73279
73.45347 1.67432
74.02173 1.72126
74.11809 1.76656
74.07444 1.82174
73.98879 1.81597
72.69743 6.12160
73.26075 6.36703
73.57865 6.34561
74.09091 5.46933
73.04250 8.05123
72.90744 8.12782
73.15369 7.34708
73.48641 7.12554
73.42958 7.10083
73.90314 7.48544
74.09420 7.05718
74.01102 7.09589
73.74172 7.30837
73.95667 6.98059
73.77384 6.73681
72.72049 8.25547
72.48330 8.83692
72.61507 8.94480
72.53601 8.94398
72.63072 9.61519
72.63154 9.72884
72.77073 9.62919
72.92473 9.38953
73.03839 9.45542
73.10345 9.31212
73.13886 9.24294
72.92473 8.27030
73.61159 9.17705
73.72854 9.49001
73.77713 9.33518
72.56730 10.85878
73.28216 10.48900
73.47241 9.89191
73.64865 9.89932
73.38346 10.32758
73.89984 9.93144
73.91714 10.00474
73.24593 13.05030
73.32993 12.39392
72.90003 13.74293
73.45017 18.62259
73.96161 19.28309
73.33487 36.76668
72.49730 39.09162
74.21692 1.59279
74.32563 1.60514
74.68141 1.08876
74.16338 1.66361
74.13785 7.35449
74.34622 7.38908
74.13374 7.42532
74.17327 7.72921
74.28280 7.57768
74.45575 7.58509
74.39481 7.54144
74.30833 39.96295
76.68104 7.16589
76.58798 11.19480
76.79716 10.89831
75.85500 13.66798
76.17866 14.03200
76.22725 14.47014
76.31620 14.76745
76.21655 14.15965
76.82681 14.39190
76.86717 14.15471
76.52621 14.87698
77.32919 15.26818
77.24436 15.06558
76.41173 16.82638
76.48750 21.18224
76.62339 21.12871
76.90176 25.59494
77.26742 26.28591
77.36378 26.06025
76.54515 30.61543
77.05000 32.03444
77.21307 31.60618
76.16137 33.80512
75.87559 33.98877
76.38950 34.51503
76.20419 33.68817
76.64233 33.55804
77.96416 1.05911
77.74674 2.91297
77.65285 4.81542
77.94193 3.47135
77.50461 14.01635
78.73503 16.91368
78.67738 17.13686
78.56537 24.02521
78.62961 23.97909
79.02081 23.77732
77.56226 26.06355
77.59603 26.30650
78.53407 31.18616
79.13116 0.86722
80.69924 0.28331
79.69037 7.36602
80.08321 8.13523
80.32617 7.51838
80.46123 7.80498
79.56024 9.76837
79.56848 8.60632
79.63519 8.57667
80.17875 8.59149
80.10627 9.64813
79.37329 10.64301
79.77108 10.03027
80.11039 10.23863
79.95968 11.97554
79.43671 18.15809
79.62284 18.22480
80.40029 19.02531
79.62037 27.04772
79.69778 30.60472
79.35106 31.75772
80.72642 0.03047
80.81290 0.12024
81.81353 0.75439
82.35050 0.55756
81.36469 2.44353
81.69823 2.82979
81.55493 12.54710
81.98154 14.31778
81.67106 25.70530
81.28727 29.53161
81.86460 30.31894
